Workbook

Sheet Rekap All 2026
B1: PT NOBI PUTRA ANGKASA
B2: REKAPITULASI PEMBAYARAN BIAYA SDM | AS2: (F7+J7+N7+R7+V7+Z7+AD7+AH7+AL7+AP7+AT7+AX7)
B3: TAHUN 2026
B5: No. | C5: Uraian | D5: Januari | H5: Februari | L5: Maret | P5: April | T5: Mei | X5: Juni | AB5: Juli | AF5: Agustus | AJ5: September | AN5: Oktober | AR5: Nopember | AV5: Desember | BC5: 2025
D6: Jml Kary. | E6: Nilai | F6: % JK | G6: % GJ | H6: Jml Kary. | I6: Nilai | J6: % JK | K6: % GJ | L6: Jml Kary. | M6: Nilai | N6: % JK | O6: % GJ | P6: Jml Kary. | Q6: Nilai | R6: % JK | S6: % GJ | T6: Jml Kary. | U6: Nilai | V6: % JK | W6: % GJ | X6: Jml Kary. | Y6: Nilai | Z6: % JK | AA6: % GJ | AB6: Jml Kary. | AC6: Nilai | AD6: % JK | AE6: % GJ | AF6: Jml Kary. | AG6: Nilai | AH6: % JK | AI6: % GJ | AJ6: Jml Kary. | AK6: Nilai | AL6: % JK | AM6: % GJ | AN6: Jml Kary. | AO6: Nilai | AP6: % JK | AQ6: % GJ | AR6: Jml Kary. | AS6: Nilai | AT6: % JK | AU6: % GJ | AV6: Jml Kary. | AW6: Nilai | AX6: % JK | AY6: % GJ | AZ6: TOTAL | BA6: % JK | BB6: % GJ | BC6: Jan - Mar | BD6: Apr - Jun | BE6: Jul - Sept | BF6: Okt - Des
B7: 1 | C7: None | D7: =NPA!D7+NES!D7+'2026-PKL NPA'!D7+'2026- Harian NES'!D7+'2026-Harian NPA'!D7+'2026-LPK MKS NPA'!D7+'2026-LPK MKM NPA'!D7+'2026-LPK DKP NPA '!D7+'2026-LPK CTPS NPA'!D7+'2026-LPK CDB NPA'!D7+'2026-OS CTPS NPA'!D7+'2026-OS CDB NPA'!D7 -> 2 | E7: =NPA!E7+NES!E7+'2026-PKL NPA'!E7+'2026- Harian NES'!E7+'2026-Harian NPA'!E7+'2026-LPK MKS NPA'!E7+'2026-LPK MKM NPA'!E7+'2026-LPK DKP NPA '!E7+'2026-LPK CTPS NPA'!E7+'2026-LPK CDB NPA'!E7+'2026-OS CTPS NPA'!E7+'2026-OS CDB NPA'!E7 -> 105169321 | F7: =D7/$D$24 -> 0.0061538462 | G7: =E7/$E$24 -> 0.042106956 | H7: =NPA!H7+NES!H7+'2026-PKL NPA'!H7+'2026- Harian NES'!H7+'2026-Harian NPA'!H7+'2026-LPK MKS NPA'!H7+'2026-LPK MKM NPA'!H7+'2026-LPK DKP NPA '!H7+'2026-LPK CTPS NPA'!H7+'2026-LPK CDB NPA'!H7+'2026-OS CTPS NPA'!H7+'2026-OS CDB NPA'!H7 -> 2 | I7: 75504329 | J7: =H7/$H$24 -> 0.0064308682 | K7: =I7/$I$24 -> 0.032432181 | L7: =NPA!L7+NES!L7+'2026-PKL NPA'!L7+'2026- Harian NES'!L7+'2026-Harian NPA'!L7+'2026-LPK MKS NPA'!L7+'2026-LPK MKM NPA'!L7+'2026-LPK DKP NPA '!L7+'2026-LPK CTPS NPA'!L7+'2026-LPK CDB NPA'!L7+'2026-OS CTPS NPA'!L7+'2026-OS CDB NPA'!L7 -> 2 | M7: =NPA!M7+NES!M7+'2026-PKL NPA'!M7+'2026- Harian NES'!M7+'2026-Harian NPA'!M7+'2026-LPK MKS NPA'!M7+'2026-LPK MKM NPA'!M7+'2026-LPK DKP NPA '!M7+'2026-LPK CTPS NPA'!M7+'2026-LPK CDB NPA'!M7+'2026-OS CTPS NPA'!M7+'2026-OS CDB NPA'!M7 -> 74124788 | N7: =L7/$L$24 -> 0.0064308682 | O7: =M7/$M$24 -> 0.034178902 | P7: =NPA!P7+NES!P7+'2026-PKL NPA'!P7+'2026- Harian NES'!P7+'2026-Harian NPA'!P7+'2026-LPK MKS NPA'!P7+'2026-LPK MKM NPA'!P7+'2026-LPK DKP NPA '!P7+'2026-LPK CTPS NPA'!P7+'2026-LPK CDB NPA'!P7+'2026-OS CTPS NPA'!P7+'2026-OS CDB NPA'!P7 -> 0 | Q7: =NPA!Q7+NES!Q7+'2026-PKL NPA'!Q7+'2026- Harian NES'!Q7+'2026-Harian NPA'!Q7+'2026-LPK MKS NPA'!Q7+'2026-LPK MKM NPA'!Q7+'2026-LPK DKP NPA '!Q7+'2026-LPK CTPS NPA'!Q7+'2026-LPK CDB NPA'!Q7+'2026-OS CTPS NPA'!Q7+'2026-OS CDB NPA'!Q7 -> 0 | R7: =P7/$P$24 -> #DIV/0! | S7: =Q7/$Q$24 -> #DIV/0! | T7: =NPA!T7+NES!T7+'2026-PKL NPA'!T7+'2026- Harian NES'!T7+'2026-Harian NPA'!T7+'2026-LPK MKS NPA'!T7+'2026-LPK MKM NPA'!T7+'2026-LPK DKP NPA '!T7+'2026-LPK CTPS NPA'!T7+'2026-LPK CDB NPA'!T7+'2026-OS CTPS NPA'!T7+'2026-OS CDB NPA'!T7 -> 0 | U7: =NPA!U7+NES!U7+'2026-PKL NPA'!U7+'2026- Harian NES'!U7+'2026-Harian NPA'!U7+'2026-LPK MKS NPA'!U7+'2026-LPK MKM NPA'!U7+'2026-LPK DKP NPA '!U7+'2026-LPK CTPS NPA'!U7+'2026-LPK CDB NPA'!U7+'2026-OS CTPS NPA'!U7+'2026-OS CDB NPA'!U7 -> 0 | V7: =T7/$T$24 -> #DIV/0! | W7: =U7/$U$24 -> #DIV/0! | X7: =NPA!X7+NES!X7+'2026-PKL NPA'!X7+'2026- Harian NES'!X7+'2026-Harian NPA'!X7+'2026-LPK MKS NPA'!X7+'2026-LPK MKM NPA'!X7+'2026-LPK DKP NPA '!X7+'2026-LPK CTPS NPA'!X7+'2026-LPK CDB NPA'!X7+'2026-OS CTPS NPA'!X7+'2026-OS CDB NPA'!X7 -> 0 | Y7: =NPA!Y7+NES!Y7+'2026-PKL NPA'!Y7+'2026- Harian NES'!Y7+'2026-Harian NPA'!Y7+'2026-LPK MKS NPA'!Y7+'2026-LPK MKM NPA'!Y7+'2026-LPK DKP NPA '!Y7+'2026-LPK CTPS NPA'!Y7+'2026-LPK CDB NPA'!Y7+'2026-OS CTPS NPA'!Y7+'2026-OS CDB NPA'!Y7 -> 0 | Z7: =X7/$X$24 -> #DIV/0! | AA7: =Y7/$Y$24 -> #DIV/0! | AB7: =NPA!AB7+NES!AB7+'2026-PKL NPA'!AB7+'2026- Harian NES'!AB7+'2026-Harian NPA'!AB7+'2026-LPK MKS NPA'!AB7+'2026-LPK MKM NPA'!AB7+'2026-LPK DKP NPA '!AB7+'2026-LPK CTPS NPA'!AB7+'2026-LPK CDB NPA'!AB7+'2026-OS CTPS NPA'!AB7+'2026-OS CDB NPA'!AB7 -> 0 | AC7: =NPA!AC7+NES!AC7+'2026-PKL NPA'!AC7+'2026- Harian NES'!AC7+'2026-Harian NPA'!AC7+'2026-LPK MKS NPA'!AC7+'2026-LPK MKM NPA'!AC7+'2026-LPK DKP NPA '!AC7+'2026-LPK CTPS NPA'!AC7+'2026-LPK CDB NPA'!AC7+'2026-OS CTPS NPA'!AC7+'2026-OS CDB NPA'!AC7 -> 0 | AD7: =AB7/$AB$24 -> #DIV/0! | AE7: =AC7/$AC$24 -> #DIV/0! | AF7: =NPA!AF7+NES!AF7+'2026-PKL NPA'!AF7+'2026- Harian NES'!AF7+'2026-Harian NPA'!AF7+'2026-LPK MKS NPA'!AF7+'2026-LPK MKM NPA'!AF7+'2026-LPK DKP NPA '!AF7+'2026-LPK CTPS NPA'!AF7+'2026-LPK CDB NPA'!AF7+'2026-OS CTPS NPA'!AF7+'2026-OS CDB NPA'!AF7 -> 0 | AG7: =NPA!AG7+NES!AG7+'2026-PKL NPA'!AG7+'2026- Harian NES'!AG7+'2026-Harian NPA'!AG7+'2026-LPK MKS NPA'!AG7+'2026-LPK MKM NPA'!AG7+'2026-LPK DKP NPA '!AG7+'2026-LPK CTPS NPA'!AG7+'2026-LPK CDB NPA'!AG7+'2026-OS CTPS NPA'!AG7+'2026-OS CDB NPA'!AG7 -> 0 | AH7: =AF7/$AF$24 -> #DIV/0! | AI7: =AG7/$AG$24 -> #DIV/0! | AJ7: =NPA!AJ7+NES!AJ7+'2026-PKL NPA'!AJ7+'2026- Harian NES'!AJ7+'2026-Harian NPA'!AJ7+'2026-LPK MKS NPA'!AJ7+'2026-LPK MKM NPA'!AJ7+'2026-LPK DKP NPA '!AJ7+'2026-LPK CTPS NPA'!AJ7+'2026-LPK CDB NPA'!AJ7+'2026-OS CTPS NPA'!AJ7+'2026-OS CDB NPA'!AJ7 -> 0 | AK7: =NPA!AK7+NES!AK7+'2026-PKL NPA'!AK7+'2026- Harian NES'!AK7+'2026-Harian NPA'!AK7+'2026-LPK MKS NPA'!AK7+'2026-LPK MKM NPA'!AK7+'2026-LPK DKP NPA '!AK7+'2026-LPK CTPS NPA'!AK7+'2026-LPK CDB NPA'!AK7+'2026-OS CTPS NPA'!AK7+'2026-OS CDB NPA'!AK7 -> 0 | AL7: =AJ7/$AJ$24 -> #DIV/0! | AM7: =AK7/$AK$24 -> #DIV/0! | AN7: =NPA!AN7+NES!AN7+'2026-PKL NPA'!AN7+'2026- Harian NES'!AN7+'2026-Harian NPA'!AN7+'2026-LPK MKS NPA'!AN7+'2026-LPK MKM NPA'!AN7+'2026-LPK DKP NPA '!AN7+'2026-LPK CTPS NPA'!AN7+'2026-LPK CDB NPA'!AN7+'2026-OS CTPS NPA'!AN7+'2026-OS CDB NPA'!AN7 -> 0 | AO7: =NPA!AO7+NES!AO7+'2026-PKL NPA'!AO7+'2026- Harian NES'!AO7+'2026-Harian NPA'!AO7+'2026-LPK MKS NPA'!AO7+'2026-LPK MKM NPA'!AO7+'2026-LPK DKP NPA '!AO7+'2026-LPK CTPS NPA'!AO7+'2026-LPK CDB NPA'!AO7+'2026-OS CTPS NPA'!AO7+'2026-OS CDB NPA'!AO7 -> 0 | AP7: =AN7/$AN$24 -> #DIV/0! | AQ7: =AO7/$AO$24 -> #DIV/0! | AR7: =NPA!AR7+NES!AR7+'2026-PKL NPA'!AR7+'2026- Harian NES'!AR7+'2026-Harian NPA'!AR7+'2026-LPK MKS NPA'!AR7+'2026-LPK MKM NPA'!AR7+'2026-LPK DKP NPA '!AR7+'2026-LPK CTPS NPA'!AR7+'2026-LPK CDB NPA'!AR7+'2026-OS CTPS NPA'!AR7+'2026-OS CDB NPA'!AR7 -> 0 | AS7: =NPA!AS7+NES!AS7+'2026-PKL NPA'!AS7+'2026- Harian NES'!AS7+'2026-Harian NPA'!AS7+'2026-LPK MKS NPA'!AS7+'2026-LPK MKM NPA'!AS7+'2026-LPK DKP NPA '!AS7+'2026-LPK CTPS NPA'!AS7+'2026-LPK CDB NPA'!AS7+'2026-OS CTPS NPA'!AS7+'2026-OS CDB NPA'!AS7 -> 0 | AT7: =AR7/$AR$24 -> #DIV/0! | AU7: =AS7/$AS$24 -> #DIV/0! | AV7: =NPA!AV7+NES!AV7+'2026-PKL NPA'!AV7+'2026- Harian NES'!AV7+'2026-Harian NPA'!AV7+'2026-LPK MKS NPA'!AV7+'2026-LPK MKM NPA'!AV7+'2026-LPK DKP NPA '!AV7+'2026-LPK CTPS NPA'!AV7+'2026-LPK CDB NPA'!AV7+'2026-OS CTPS NPA'!AV7+'2026-OS CDB NPA'!AV7 -> 0 | AW7: =NPA!AW7+NES!AW7+'2026-PKL NPA'!AW7+'2026- Harian NES'!AW7+'2026-Harian NPA'!AW7+'2026-LPK MKS NPA'!AW7+'2026-LPK MKM NPA'!AW7+'2026-LPK DKP NPA '!AW7+'2026-LPK CTPS NPA'!AW7+'2026-LPK CDB NPA'!AW7+'2026-OS CTPS NPA'!AW7+'2026-OS CDB NPA'!AW7 -> 0 | AX7: =AV7/$AJ$24 -> #DIV/0! | AY7: =AW7/$AK$24 -> #DIV/0! | AZ7: =E7+I7+M7+Q7+U7+Y7+AC7+AG7+AK7+AO7+AS7+AW7 -> 254798438 | BA7: =AVERAGE(F7,J7,N7,R7,V7,Z7,AD7,AH7,AL7,AP7,AT7,AX7) -> #DIV/0! | BB7: =AVERAGE(G7,K7,O7,S7,W7,AA7,AE7,AI7,AM7,AQ7,AU7,AY7) -> #DIV/0! | BC7: =E7+I7+M7 -> 254798438 | BD7: =Q7+U7+Y7 -> 0 | BE7: =AC7+AG7+AK7 -> 0 | BF7: =AO7+AS7+AW7 -> 0
B8: =B7+1 -> 2 | C8: Keuangan & Akunting | D8: =NPA!D8+NES!D8+'2026-PKL NPA'!D8+'2026- Harian NES'!D8+'2026-Harian NPA'!D8+'2026-LPK MKS NPA'!D8+'2026-LPK MKM NPA'!D8+'2026-LPK DKP NPA '!D8+'2026-LPK CTPS NPA'!D8+'2026-LPK CDB NPA'!D8+'2026-OS CTPS NPA'!D8+'2026-OS CDB NPA'!D8 -> 10 | E8: =NPA!E8+NES!E8+'2026-PKL NPA'!E8+'2026- Harian NES'!E8+'2026-Harian NPA'!E8+'2026-LPK MKS NPA'!E8+'2026-LPK MKM NPA'!E8+'2026-LPK DKP NPA '!E8+'2026-LPK CTPS NPA'!E8+'2026-LPK CDB NPA'!E8+'2026-OS CTPS NPA'!E8+'2026-OS CDB NPA'!E8 -> 124852645 | F8: =D8/$D$24 -> 0.030769231 | G8: =E8/$E$24 -> 0.049987627 | H8: =NPA!H8+NES!H8+'2026-PKL NPA'!H8+'2026- Harian NES'!H8+'2026-Harian NPA'!H8+'2026-LPK MKS NPA'!H8+'2026-LPK MKM NPA'!H8+'2026-LPK DKP NPA '!H8+'2026-LPK CTPS NPA'!H8+'2026-LPK CDB NPA'!H8+'2026-OS CTPS NPA'!H8+'2026-OS CDB NPA'!H8 -> 10 | I8: =NPA!I8+NES!I8+'2026-PKL NPA'!I8+'2026- Harian NES'!I8+'2026-Harian NPA'!I8+'2026-LPK MKS NPA'!I8+'2026-LPK MKM NPA'!I8+'2026-LPK DKP NPA '!I8+'2026-LPK CTPS NPA'!I8+'2026-LPK CDB NPA'!I8+'2026-OS CTPS NPA'!I8+'2026-OS CDB NPA'!I8 -> 115094497 | J8: =H8/$H$24 -> 0.032154341 | K8: =I8/$I$24 -> 0.049437768 | L8: =NPA!L8+NES!L8+'2026-PKL NPA'!L8+'2026- Harian NES'!L8+'2026-Harian NPA'!L8+'2026-LPK MKS NPA'!L8+'2026-LPK MKM NPA'!L8+'2026-LPK DKP NPA '!L8+'2026-LPK CTPS NPA'!L8+'2026-LPK CDB NPA'!L8+'2026-OS CTPS NPA'!L8+'2026-OS CDB NPA'!L8 -> 10 | M8: =NPA!M8+NES!M8+'2026-PKL NPA'!M8+'2026- Harian NES'!M8+'2026-Harian NPA'!M8+'2026-LPK MKS NPA'!M8+'2026-LPK MKM NPA'!M8+'2026-LPK DKP NPA '!M8+'2026-LPK CTPS NPA'!M8+'2026-LPK CDB NPA'!M8+'2026-OS CTPS NPA'!M8+'2026-OS CDB NPA'!M8 -> 110226902 | N8: =L8/$L$24 -> 0.032154341 | O8: =M8/$M$24 -> 0.050825569 | P8: =NPA!P8+NES!P8+'2026-PKL NPA'!P8+'2026- Harian NES'!P8+'2026-Harian NPA'!P8+'2026-LPK MKS NPA'!P8+'2026-LPK MKM NPA'!P8+'2026-LPK DKP NPA '!P8+'2026-LPK CTPS NPA'!P8+'2026-LPK CDB NPA'!P8+'2026-OS CTPS NPA'!P8+'2026-OS CDB NPA'!P8 -> 0 | Q8: =NPA!Q8+NES!Q8+'2026-PKL NPA'!Q8+'2026- Harian NES'!Q8+'2026-Harian NPA'!Q8+'2026-LPK MKS NPA'!Q8+'2026-LPK MKM NPA'!Q8+'2026-LPK DKP NPA '!Q8+'2026-LPK CTPS NPA'!Q8+'2026-LPK CDB NPA'!Q8+'2026-OS CTPS NPA'!Q8+'2026-OS CDB NPA'!Q8 -> 0 | R8: =P8/$P$24 -> #DIV/0! | S8: =Q8/$Q$24 -> #DIV/0! | T8: =NPA!T8+NES!T8+'2026-PKL NPA'!T8+'2026- Harian NES'!T8+'2026-Harian NPA'!T8+'2026-LPK MKS NPA'!T8+'2026-LPK MKM NPA'!T8+'2026-LPK DKP NPA '!T8+'2026-LPK CTPS NPA'!T8+'2026-LPK CDB NPA'!T8+'2026-OS CTPS NPA'!T8+'2026-OS CDB NPA'!T8 -> 0 | U8: =NPA!U8+NES!U8+'2026-PKL NPA'!U8+'2026- Harian NES'!U8+'2026-Harian NPA'!U8+'2026-LPK MKS NPA'!U8+'2026-LPK MKM NPA'!U8+'2026-LPK DKP NPA '!U8+'2026-LPK CTPS NPA'!U8+'2026-LPK CDB NPA'!U8+'2026-OS CTPS NPA'!U8+'2026-OS CDB NPA'!U8 -> 0 | V8: =T8/$T$24 -> #DIV/0! | W8: =U8/$U$24 -> #DIV/0! | X8: =NPA!X8+NES!X8+'2026-PKL NPA'!X8+'2026- Harian NES'!X8+'2026-Harian NPA'!X8+'2026-LPK MKS NPA'!X8+'2026-LPK MKM NPA'!X8+'2026-LPK DKP NPA '!X8+'2026-LPK CTPS NPA'!X8+'2026-LPK CDB NPA'!X8+'2026-OS CTPS NPA'!X8+'2026-OS CDB NPA'!X8 -> 0 | Y8: =NPA!Y8+NES!Y8+'2026-PKL NPA'!Y8+'2026- Harian NES'!Y8+'2026-Harian NPA'!Y8+'2026-LPK MKS NPA'!Y8+'2026-LPK MKM NPA'!Y8+'2026-LPK DKP NPA '!Y8+'2026-LPK CTPS NPA'!Y8+'2026-LPK CDB NPA'!Y8+'2026-OS CTPS NPA'!Y8+'2026-OS CDB NPA'!Y8 -> 0 | Z8: =X8/$X$24 -> #DIV/0! | AA8: =Y8/$Y$24 -> #DIV/0! | AB8: =NPA!AB8+NES!AB8+'2026-PKL NPA'!AB8+'2026- Harian NES'!AB8+'2026-Harian NPA'!AB8+'2026-LPK MKS NPA'!AB8+'2026-LPK MKM NPA'!AB8+'2026-LPK DKP NPA '!AB8+'2026-LPK CTPS NPA'!AB8+'2026-LPK CDB NPA'!AB8+'2026-OS CTPS NPA'!AB8+'2026-OS CDB NPA'!AB8 -> 0 | AC8: =NPA!AC8+NES!AC8+'2026-PKL NPA'!AC8+'2026- Harian NES'!AC8+'2026-Harian NPA'!AC8+'2026-LPK MKS NPA'!AC8+'2026-LPK MKM NPA'!AC8+'2026-LPK DKP NPA '!AC8+'2026-LPK CTPS NPA'!AC8+'2026-LPK CDB NPA'!AC8+'2026-OS CTPS NPA'!AC8+'2026-OS CDB NPA'!AC8 -> 0 | AD8: =AB8/$AB$24 -> #DIV/0! | AE8: =AC8/$AC$24 -> #DIV/0! | AF8: =NPA!AF8+NES!AF8+'2026-PKL NPA'!AF8+'2026- Harian NES'!AF8+'2026-Harian NPA'!AF8+'2026-LPK MKS NPA'!AF8+'2026-LPK MKM NPA'!AF8+'2026-LPK DKP NPA '!AF8+'2026-LPK CTPS NPA'!AF8+'2026-LPK CDB NPA'!AF8+'2026-OS CTPS NPA'!AF8+'2026-OS CDB NPA'!AF8 -> 0 | AG8: =NPA!AG8+NES!AG8+'2026-PKL NPA'!AG8+'2026- Harian NES'!AG8+'2026-Harian NPA'!AG8+'2026-LPK MKS NPA'!AG8+'2026-LPK MKM NPA'!AG8+'2026-LPK DKP NPA '!AG8+'2026-LPK CTPS NPA'!AG8+'2026-LPK CDB NPA'!AG8+'2026-OS CTPS NPA'!AG8+'2026-OS CDB NPA'!AG8 -> 0 | AH8: =AF8/$AF$24 -> #DIV/0! | AI8: =AG8/$AG$24 -> #DIV/0! | AJ8: =NPA!AJ8+NES!AJ8+'2026-PKL NPA'!AJ8+'2026- Harian NES'!AJ8+'2026-Harian NPA'!AJ8+'2026-LPK MKS NPA'!AJ8+'2026-LPK MKM NPA'!AJ8+'2026-LPK DKP NPA '!AJ8+'2026-LPK CTPS NPA'!AJ8+'2026-LPK CDB NPA'!AJ8+'2026-OS CTPS NPA'!AJ8+'2026-OS CDB NPA'!AJ8 -> 0 | AK8: =NPA!AK8+NES!AK8+'2026-PKL NPA'!AK8+'2026- Harian NES'!AK8+'2026-Harian NPA'!AK8+'2026-LPK MKS NPA'!AK8+'2026-LPK MKM NPA'!AK8+'2026-LPK DKP NPA '!AK8+'2026-LPK CTPS NPA'!AK8+'2026-LPK CDB NPA'!AK8+'2026-OS CTPS NPA'!AK8+'2026-OS CDB NPA'!AK8 -> 0 | AL8: =AJ8/$AJ$24 -> #DIV/0! | AM8: =AK8/$AK$24 -> #DIV/0! | AN8: =NPA!AN8+NES!AN8+'2026-PKL NPA'!AN8+'2026- Harian NES'!AN8+'2026-Harian NPA'!AN8+'2026-LPK MKS NPA'!AN8+'2026-LPK MKM NPA'!AN8+'2026-LPK DKP NPA '!AN8+'2026-LPK CTPS NPA'!AN8+'2026-LPK CDB NPA'!AN8+'2026-OS CTPS NPA'!AN8+'2026-OS CDB NPA'!AN8 -> 0 | AO8: =NPA!AO8+NES!AO8+'2026-PKL NPA'!AO8+'2026- Harian NES'!AO8+'2026-Harian NPA'!AO8+'2026-LPK MKS NPA'!AO8+'2026-LPK MKM NPA'!AO8+'2026-LPK DKP NPA '!AO8+'2026-LPK CTPS NPA'!AO8+'2026-LPK CDB NPA'!AO8+'2026-OS CTPS NPA'!AO8+'2026-OS CDB NPA'!AO8 -> 0 | AP8: =AN8/$AN$24 -> #DIV/0! | AQ8: =AO8/$AO$24 -> #DIV/0! | AR8: =NPA!AR8+NES!AR8+'2026-PKL NPA'!AR8+'2026- Harian NES'!AR8+'2026-Harian NPA'!AR8+'2026-LPK MKS NPA'!AR8+'2026-LPK MKM NPA'!AR8+'2026-LPK DKP NPA '!AR8+'2026-LPK CTPS NPA'!AR8+'2026-LPK CDB NPA'!AR8+'2026-OS CTPS NPA'!AR8+'2026-OS CDB NPA'!AR8 -> 0 | AS8: =NPA!AS8+NES!AS8+'2026-PKL NPA'!AS8+'2026- Harian NES'!AS8+'2026-Harian NPA'!AS8+'2026-LPK MKS NPA'!AS8+'2026-LPK MKM NPA'!AS8+'2026-LPK DKP NPA '!AS8+'2026-LPK CTPS NPA'!AS8+'2026-LPK CDB NPA'!AS8+'2026-OS CTPS NPA'!AS8+'2026-OS CDB NPA'!AS8 -> 0 | AT8: =AR8/$AR$24 -> #DIV/0! | AU8: =AS8/$AS$24 -> #DIV/0! | AV8: =NPA!AV8+NES!AV8+'2026-PKL NPA'!AV8+'2026- Harian NES'!AV8+'2026-Harian NPA'!AV8+'2026-LPK MKS NPA'!AV8+'2026-LPK MKM NPA'!AV8+'2026-LPK DKP NPA '!AV8+'2026-LPK CTPS NPA'!AV8+'2026-LPK CDB NPA'!AV8+'2026-OS CTPS NPA'!AV8+'2026-OS CDB NPA'!AV8 -> 0 | AW8: =NPA!AW8+NES!AW8+'2026-PKL NPA'!AW8+'2026- Harian NES'!AW8+'2026-Harian NPA'!AW8+'2026-LPK MKS NPA'!AW8+'2026-LPK MKM NPA'!AW8+'2026-LPK DKP NPA '!AW8+'2026-LPK CTPS NPA'!AW8+'2026-LPK CDB NPA'!AW8+'2026-OS CTPS NPA'!AW8+'2026-OS CDB NPA'!AW8 -> 0 | AX8: =AV8/$AJ$24 -> #DIV/0! | AY8: =AW8/$AK$24 -> #DIV/0! | AZ8: =E8+I8+M8+Q8+U8+Y8+AC8+AG8+AK8+AO8+AS8+AW8 -> 350174044 | BA8: =AVERAGE(F8,J8,N8,R8,V8,Z8,AD8,AH8,AL8,AP8,AT8,AX8) -> #DIV/0! | BB8: =AVERAGE(G8,K8,O8,S8,W8,AA8,AE8,AI8,AM8,AQ8,AU8,AY8) -> #DIV/0! | BC8: =E8+I8+M8 -> 350174044 | BD8: =Q8+U8+Y8 -> 0 | BE8: =AC8+AG8+AK8 -> 0 | BF8: =AO8+AS8+AW8 -> 0
B9: =B8+1 -> 3 | C9: Marketing | D9: =NPA!D9+NES!D9+'2026-PKL NPA'!D9+'2026- Harian NES'!D9+'2026-Harian NPA'!D9+'2026-LPK MKS NPA'!D9+'2026-LPK MKM NPA'!D9+'2026-LPK DKP NPA '!D9+'2026-LPK CTPS NPA'!D9+'2026-LPK CDB NPA'!D9+'2026-OS CTPS NPA'!D9+'2026-OS CDB NPA'!D9 -> 9 | E9: =NPA!E9+NES!E9+'2026-PKL NPA'!E9+'2026- Harian NES'!E9+'2026-Harian NPA'!E9+'2026-LPK MKS NPA'!E9+'2026-LPK MKM NPA'!E9+'2026-LPK DKP NPA '!E9+'2026-LPK CTPS NPA'!E9+'2026-LPK CDB NPA'!E9+'2026-OS CTPS NPA'!E9+'2026-OS CDB NPA'!E9 -> 146715650 | F9: =D9/$D$24 -> 0.027692308 | G9: =E9/$E$24 -> 0.058740984 | H9: =NPA!H9+NES!H9+'2026-PKL NPA'!H9+'2026- Harian NES'!H9+'2026-Harian NPA'!H9+'2026-LPK MKS NPA'!H9+'2026-LPK MKM NPA'!H9+'2026-LPK DKP NPA '!H9+'2026-LPK CTPS NPA'!H9+'2026-LPK CDB NPA'!H9+'2026-OS CTPS NPA'!H9+'2026-OS CDB NPA'!H9 -> 9 | I9: =NPA!I9+NES!I9+'2026-PKL NPA'!I9+'2026- Harian NES'!I9+'2026-Harian NPA'!I9+'2026-LPK MKS NPA'!I9+'2026-LPK MKM NPA'!I9+'2026-LPK DKP NPA '!I9+'2026-LPK CTPS NPA'!I9+'2026-LPK CDB NPA'!I9+'2026-OS CTPS NPA'!I9+'2026-OS CDB NPA'!I9 -> 132343337 | J9: =H9/$H$24 -> 0.028938907 | K9: =I9/$I$24 -> 0.056846847 | L9: =NPA!L9+NES!L9+'2026-PKL NPA'!L9+'2026- Harian NES'!L9+'2026-Harian NPA'!L9+'2026-LPK MKS NPA'!L9+'2026-LPK MKM NPA'!L9+'2026-LPK DKP NPA '!L9+'2026-LPK CTPS NPA'!L9+'2026-LPK CDB NPA'!L9+'2026-OS CTPS NPA'!L9+'2026-OS CDB NPA'!L9 -> 9 | M9: =NPA!M9+NES!M9+'2026-PKL NPA'!M9+'2026- Harian NES'!M9+'2026-Harian NPA'!M9+'2026-LPK MKS NPA'!M9+'2026-LPK MKM NPA'!M9+'2026-LPK DKP NPA '!M9+'2026-LPK CTPS NPA'!M9+'2026-LPK CDB NPA'!M9+'2026-OS CTPS NPA'!M9+'2026-OS CDB NPA'!M9 -> 130048727 | N9: =L9/$L$24 -> 0.028938907 | O9: =M9/$M$24 -> 0.059965402 | P9: =NPA!P9+NES!P9+'2026-PKL NPA'!P9+'2026- Harian NES'!P9+'2026-Harian NPA'!P9+'2026-LPK MKS NPA'!P9+'2026-LPK MKM NPA'!P9+'2026-LPK DKP NPA '!P9+'2026-LPK CTPS NPA'!P9+'2026-LPK CDB NPA'!P9+'2026-OS CTPS NPA'!P9+'2026-OS CDB NPA'!P9 -> 0 | Q9: =NPA!Q9+NES!Q9+'2026-PKL NPA'!Q9+'2026- Harian NES'!Q9+'2026-Harian NPA'!Q9+'2026-LPK MKS NPA'!Q9+'2026-LPK MKM NPA'!Q9+'2026-LPK DKP NPA '!Q9+'2026-LPK CTPS NPA'!Q9+'2026-LPK CDB NPA'!Q9+'2026-OS CTPS NPA'!Q9+'2026-OS CDB NPA'!Q9 -> 0 | R9: =P9/$P$24 -> #DIV/0! | S9: =Q9/$Q$24 -> #DIV/0! | T9: =NPA!T9+NES!T9+'2026-PKL NPA'!T9+'2026- Harian NES'!T9+'2026-Harian NPA'!T9+'2026-LPK MKS NPA'!T9+'2026-LPK MKM NPA'!T9+'2026-LPK DKP NPA '!T9+'2026-LPK CTPS NPA'!T9+'2026-LPK CDB NPA'!T9+'2026-OS CTPS NPA'!T9+'2026-OS CDB NPA'!T9 -> 0 | U9: =NPA!U9+NES!U9+'2026-PKL NPA'!U9+'2026- Harian NES'!U9+'2026-Harian NPA'!U9+'2026-LPK MKS NPA'!U9+'2026-LPK MKM NPA'!U9+'2026-LPK DKP NPA '!U9+'2026-LPK CTPS NPA'!U9+'2026-LPK CDB NPA'!U9+'2026-OS CTPS NPA'!U9+'2026-OS CDB NPA'!U9 -> 0 | V9: =T9/$T$24 -> #DIV/0! | W9: =U9/$U$24 -> #DIV/0! | X9: =NPA!X9+NES!X9+'2026-PKL NPA'!X9+'2026- Harian NES'!X9+'2026-Harian NPA'!X9+'2026-LPK MKS NPA'!X9+'2026-LPK MKM NPA'!X9+'2026-LPK DKP NPA '!X9+'2026-LPK CTPS NPA'!X9+'2026-LPK CDB NPA'!X9+'2026-OS CTPS NPA'!X9+'2026-OS CDB NPA'!X9 -> 0 | Y9: =NPA!Y9+NES!Y9+'2026-PKL NPA'!Y9+'2026- Harian NES'!Y9+'2026-Harian NPA'!Y9+'2026-LPK MKS NPA'!Y9+'2026-LPK MKM NPA'!Y9+'2026-LPK DKP NPA '!Y9+'2026-LPK CTPS NPA'!Y9+'2026-LPK CDB NPA'!Y9+'2026-OS CTPS NPA'!Y9+'2026-OS CDB NPA'!Y9 -> 0 | Z9: =X9/$X$24 -> #DIV/0! | AA9: =Y9/$Y$24 -> #DIV/0! | AB9: =NPA!AB9+NES!AB9+'2026-PKL NPA'!AB9+'2026- Harian NES'!AB9+'2026-Harian NPA'!AB9+'2026-LPK MKS NPA'!AB9+'2026-LPK MKM NPA'!AB9+'2026-LPK DKP NPA '!AB9+'2026-LPK CTPS NPA'!AB9+'2026-LPK CDB NPA'!AB9+'2026-OS CTPS NPA'!AB9+'2026-OS CDB NPA'!AB9 -> 0 | AC9: =NPA!AC9+NES!AC9+'2026-PKL NPA'!AC9+'2026- Harian NES'!AC9+'2026-Harian NPA'!AC9+'2026-LPK MKS NPA'!AC9+'2026-LPK MKM NPA'!AC9+'2026-LPK DKP NPA '!AC9+'2026-LPK CTPS NPA'!AC9+'2026-LPK CDB NPA'!AC9+'2026-OS CTPS NPA'!AC9+'2026-OS CDB NPA'!AC9 -> 0 | AD9: =AB9/$AB$24 -> #DIV/0! | AE9: =AC9/$AC$24 -> #DIV/0! | AF9: =NPA!AF9+NES!AF9+'2026-PKL NPA'!AF9+'2026- Harian NES'!AF9+'2026-Harian NPA'!AF9+'2026-LPK MKS NPA'!AF9+'2026-LPK MKM NPA'!AF9+'2026-LPK DKP NPA '!AF9+'2026-LPK CTPS NPA'!AF9+'2026-LPK CDB NPA'!AF9+'2026-OS CTPS NPA'!AF9+'2026-OS CDB NPA'!AF9 -> 0 | AG9: =NPA!AG9+NES!AG9+'2026-PKL NPA'!AG9+'2026- Harian NES'!AG9+'2026-Harian NPA'!AG9+'2026-LPK MKS NPA'!AG9+'2026-LPK MKM NPA'!AG9+'2026-LPK DKP NPA '!AG9+'2026-LPK CTPS NPA'!AG9+'2026-LPK CDB NPA'!AG9+'2026-OS CTPS NPA'!AG9+'2026-OS CDB NPA'!AG9 -> 0 | AH9: =AF9/$AF$24 -> #DIV/0! | AI9: =AG9/$AG$24 -> #DIV/0! | AJ9: =NPA!AJ9+NES!AJ9+'2026-PKL NPA'!AJ9+'2026- Harian NES'!AJ9+'2026-Harian NPA'!AJ9+'2026-LPK MKS NPA'!AJ9+'2026-LPK MKM NPA'!AJ9+'2026-LPK DKP NPA '!AJ9+'2026-LPK CTPS NPA'!AJ9+'2026-LPK CDB NPA'!AJ9+'2026-OS CTPS NPA'!AJ9+'2026-OS CDB NPA'!AJ9 -> 0 | AK9: =NPA!AK9+NES!AK9+'2026-PKL NPA'!AK9+'2026- Harian NES'!AK9+'2026-Harian NPA'!AK9+'2026-LPK MKS NPA'!AK9+'2026-LPK MKM NPA'!AK9+'2026-LPK DKP NPA '!AK9+'2026-LPK CTPS NPA'!AK9+'2026-LPK CDB NPA'!AK9+'2026-OS CTPS NPA'!AK9+'2026-OS CDB NPA'!AK9 -> 0 | AL9: =AJ9/$AJ$24 -> #DIV/0! | AM9: =AK9/$AK$24 -> #DIV/0! | AN9: =NPA!AN9+NES!AN9+'2026-PKL NPA'!AN9+'2026- Harian NES'!AN9+'2026-Harian NPA'!AN9+'2026-LPK MKS NPA'!AN9+'2026-LPK MKM NPA'!AN9+'2026-LPK DKP NPA '!AN9+'2026-LPK CTPS NPA'!AN9+'2026-LPK CDB NPA'!AN9+'2026-OS CTPS NPA'!AN9+'2026-OS CDB NPA'!AN9 -> 0 | AO9: =NPA!AO9+NES!AO9+'2026-PKL NPA'!AO9+'2026- Harian NES'!AO9+'2026-Harian NPA'!AO9+'2026-LPK MKS NPA'!AO9+'2026-LPK MKM NPA'!AO9+'2026-LPK DKP NPA '!AO9+'2026-LPK CTPS NPA'!AO9+'2026-LPK CDB NPA'!AO9+'2026-OS CTPS NPA'!AO9+'2026-OS CDB NPA'!AO9 -> 0 | AP9: =AN9/$AN$24 -> #DIV/0! | AQ9: =AO9/$AO$24 -> #DIV/0! | AR9: =NPA!AR9+NES!AR9+'2026-PKL NPA'!AR9+'2026- Harian NES'!AR9+'2026-Harian NPA'!AR9+'2026-LPK MKS NPA'!AR9+'2026-LPK MKM NPA'!AR9+'2026-LPK DKP NPA '!AR9+'2026-LPK CTPS NPA'!AR9+'2026-LPK CDB NPA'!AR9+'2026-OS CTPS NPA'!AR9+'2026-OS CDB NPA'!AR9 -> 0 | AS9: =NPA!AS9+NES!AS9+'2026-PKL NPA'!AS9+'2026- Harian NES'!AS9+'2026-Harian NPA'!AS9+'2026-LPK MKS NPA'!AS9+'2026-LPK MKM NPA'!AS9+'2026-LPK DKP NPA '!AS9+'2026-LPK CTPS NPA'!AS9+'2026-LPK CDB NPA'!AS9+'2026-OS CTPS NPA'!AS9+'2026-OS CDB NPA'!AS9 -> 0 | AT9: =AR9/$AR$24 -> #DIV/0! | AU9: =AS9/$AS$24 -> #DIV/0! | AV9: =NPA!AV9+NES!AV9+'2026-PKL NPA'!AV9+'2026- Harian NES'!AV9+'2026-Harian NPA'!AV9+'2026-LPK MKS NPA'!AV9+'2026-LPK MKM NPA'!AV9+'2026-LPK DKP NPA '!AV9+'2026-LPK CTPS NPA'!AV9+'2026-LPK CDB NPA'!AV9+'2026-OS CTPS NPA'!AV9+'2026-OS CDB NPA'!AV9 -> 0 | AW9: =NPA!AW9+NES!AW9+'2026-PKL NPA'!AW9+'2026- Harian NES'!AW9+'2026-Harian NPA'!AW9+'2026-LPK MKS NPA'!AW9+'2026-LPK MKM NPA'!AW9+'2026-LPK DKP NPA '!AW9+'2026-LPK CTPS NPA'!AW9+'2026-LPK CDB NPA'!AW9+'2026-OS CTPS NPA'!AW9+'2026-OS CDB NPA'!AW9 -> 0 | AX9: =AV9/$AJ$24 -> #DIV/0! | AY9: =AW9/$AK$24 -> #DIV/0! | AZ9: =E9+I9+M9+Q9+U9+Y9+AC9+AG9+AK9+AO9+AS9+AW9 -> 409107714 | BA9: =AVERAGE(F9,J9,N9,R9,V9,Z9,AD9,AH9,AL9,AP9,AT9,AX9) -> #DIV/0! | BB9: =AVERAGE(G9,K9,O9,S9,W9,AA9,AE9,AI9,AM9,AQ9,AU9,AY9) -> #DIV/0! | BC9: =E9+I9+M9 -> 409107714 | BD9: =Q9+U9+Y9 -> 0 | BE9: =AC9+AG9+AK9 -> 0 | BF9: =AO9+AS9+AW9 -> 0
B10: =B9+1 -> 4 | C10: Elektrikal | D10: =NPA!D10+NES!D10+'2026-PKL NPA'!D10+'2026- Harian NES'!D10+'2026-Harian NPA'!D10+'2026-LPK MKS NPA'!D10+'2026-LPK MKM NPA'!D10+'2026-LPK DKP NPA '!D10+'2026-LPK CTPS NPA'!D10+'2026-LPK CDB NPA'!D10+'2026-OS CTPS NPA'!D10+'2026-OS CDB NPA'!D10 -> 33 | E10: =NPA!E10+NES!E10+'2026-PKL NPA'!E10+'2026- Harian NES'!E10+'2026-Harian NPA'!E10+'2026-LPK MKS NPA'!E10+'2026-LPK MKM NPA'!E10+'2026-LPK DKP NPA '!E10+'2026-LPK CTPS NPA'!E10+'2026-LPK CDB NPA'!E10+'2026-OS CTPS NPA'!E10+'2026-OS CDB NPA'!E10 -> 268678767 | F10: =D10/$D$24 -> 0.10153846 | G10: =E10/$E$24 -> 0.10757172 | H10: =NPA!H10+NES!H10+'2026-PKL NPA'!H10+'2026- Harian NES'!H10+'2026-Harian NPA'!H10+'2026-LPK MKS NPA'!H10+'2026-LPK MKM NPA'!H10+'2026-LPK DKP NPA '!H10+'2026-LPK CTPS NPA'!H10+'2026-LPK CDB NPA'!H10+'2026-OS CTPS NPA'!H10+'2026-OS CDB NPA'!H10 -> 31 | I10: =NPA!I10+NES!I10+'2026-PKL NPA'!I10+'2026- Harian NES'!I10+'2026-Harian NPA'!I10+'2026-LPK MKS NPA'!I10+'2026-LPK MKM NPA'!I10+'2026-LPK DKP NPA '!I10+'2026-LPK CTPS NPA'!I10+'2026-LPK CDB NPA'!I10+'2026-OS CTPS NPA'!I10+'2026-OS CDB NPA'!I10 -> 233978970 | J10: =H10/$H$24 -> 0.099678457 | K10: =I10/$I$24 -> 0.10050349 | L10: =NPA!L10+NES!L10+'2026-PKL NPA'!L10+'2026- Harian NES'!L10+'2026-Harian NPA'!L10+'2026-LPK MKS NPA'!L10+'2026-LPK MKM NPA'!L10+'2026-LPK DKP NPA '!L10+'2026-LPK CTPS NPA'!L10+'2026-LPK CDB NPA'!L10+'2026-OS CTPS NPA'!L10+'2026-OS CDB NPA'!L10 -> 31 | M10: =NPA!M10+NES!M10+'2026-PKL NPA'!M10+'2026- Harian NES'!M10+'2026-Harian NPA'!M10+'2026-LPK MKS NPA'!M10+'2026-LPK MKM NPA'!M10+'2026-LPK DKP NPA '!M10+'2026-LPK CTPS NPA'!M10+'2026-LPK CDB NPA'!M10+'2026-OS CTPS NPA'!M10+'2026-OS CDB NPA'!M10 -> 228349028 | N10: =L10/$L$24 -> 0.099678457 | O10: =M10/$M$24 -> 0.10529162 | P10: =NPA!P10+NES!P10+'2026-PKL NPA'!P10+'2026- Harian NES'!P10+'2026-Harian NPA'!P10+'2026-LPK MKS NPA'!P10+'2026-LPK MKM NPA'!P10+'2026-LPK DKP NPA '!P10+'2026-LPK CTPS NPA'!P10+'2026-LPK CDB NPA'!P10+'2026-OS CTPS NPA'!P10+'2026-OS CDB NPA'!P10 -> 0 | Q10: =NPA!Q10+NES!Q10+'2026-PKL NPA'!Q10+'2026- Harian NES'!Q10+'2026-Harian NPA'!Q10+'2026-LPK MKS NPA'!Q10+'2026-LPK MKM NPA'!Q10+'2026-LPK DKP NPA '!Q10+'2026-LPK CTPS NPA'!Q10+'2026-LPK CDB NPA'!Q10+'2026-OS CTPS NPA'!Q10+'2026-OS CDB NPA'!Q10 -> 0 | R10: =P10/$P$24 -> #DIV/0! | S10: =Q10/$Q$24 -> #DIV/0! | T10: =NPA!T10+NES!T10+'2026-PKL NPA'!T10+'2026- Harian NES'!T10+'2026-Harian NPA'!T10+'2026-LPK MKS NPA'!T10+'2026-LPK MKM NPA'!T10+'2026-LPK DKP NPA '!T10+'2026-LPK CTPS NPA'!T10+'2026-LPK CDB NPA'!T10+'2026-OS CTPS NPA'!T10+'2026-OS CDB NPA'!T10 -> 0 | U10: =NPA!U10+NES!U10+'2026-PKL NPA'!U10+'2026- Harian NES'!U10+'2026-Harian NPA'!U10+'2026-LPK MKS NPA'!U10+'2026-LPK MKM NPA'!U10+'2026-LPK DKP NPA '!U10+'2026-LPK CTPS NPA'!U10+'2026-LPK CDB NPA'!U10+'2026-OS CTPS NPA'!U10+'2026-OS CDB NPA'!U10 -> 0 | V10: =T10/$T$24 -> #DIV/0! | W10: =U10/$U$24 -> #DIV/0! | X10: =NPA!X10+NES!X10+'2026-PKL NPA'!X10+'2026- Harian NES'!X10+'2026-Harian NPA'!X10+'2026-LPK MKS NPA'!X10+'2026-LPK MKM NPA'!X10+'2026-LPK DKP NPA '!X10+'2026-LPK CTPS NPA'!X10+'2026-LPK CDB NPA'!X10+'2026-OS CTPS NPA'!X10+'2026-OS CDB NPA'!X10 -> 0 | Y10: =NPA!Y10+NES!Y10+'2026-PKL NPA'!Y10+'2026- Harian NES'!Y10+'2026-Harian NPA'!Y10+'2026-LPK MKS NPA'!Y10+'2026-LPK MKM NPA'!Y10+'2026-LPK DKP NPA '!Y10+'2026-LPK CTPS NPA'!Y10+'2026-LPK CDB NPA'!Y10+'2026-OS CTPS NPA'!Y10+'2026-OS CDB NPA'!Y10 -> 0 | Z10: =X10/$X$24 -> #DIV/0! | AA10: =Y10/$Y$24 -> #DIV/0! | AB10: =NPA!AB10+NES!AB10+'2026-PKL NPA'!AB10+'2026- Harian NES'!AB10+'2026-Harian NPA'!AB10+'2026-LPK MKS NPA'!AB10+'2026-LPK MKM NPA'!AB10+'2026-LPK DKP NPA '!AB10+'2026-LPK CTPS NPA'!AB10+'2026-LPK CDB NPA'!AB10+'2026-OS CTPS NPA'!AB10+'2026-OS CDB NPA'!AB10 -> 0 | AC10: =NPA!AC10+NES!AC10+'2026-PKL NPA'!AC10+'2026- Harian NES'!AC10+'2026-Harian NPA'!AC10+'2026-LPK MKS NPA'!AC10+'2026-LPK MKM NPA'!AC10+'2026-LPK DKP NPA '!AC10+'2026-LPK CTPS NPA'!AC10+'2026-LPK CDB NPA'!AC10+'2026-OS CTPS NPA'!AC10+'2026-OS CDB NPA'!AC10 -> 0 | AD10: =AB10/$AB$24 -> #DIV/0! | AE10: =AC10/$AC$24 -> #DIV/0! | AF10: =NPA!AF10+NES!AF10+'2026-PKL NPA'!AF10+'2026- Harian NES'!AF10+'2026-Harian NPA'!AF10+'2026-LPK MKS NPA'!AF10+'2026-LPK MKM NPA'!AF10+'2026-LPK DKP NPA '!AF10+'2026-LPK CTPS NPA'!AF10+'2026-LPK CDB NPA'!AF10+'2026-OS CTPS NPA'!AF10+'2026-OS CDB NPA'!AF10 -> 0 | AG10: =NPA!AG10+NES!AG10+'2026-PKL NPA'!AG10+'2026- Harian NES'!AG10+'2026-Harian NPA'!AG10+'2026-LPK MKS NPA'!AG10+'2026-LPK MKM NPA'!AG10+'2026-LPK DKP NPA '!AG10+'2026-LPK CTPS NPA'!AG10+'2026-LPK CDB NPA'!AG10+'2026-OS CTPS NPA'!AG10+'2026-OS CDB NPA'!AG10 -> 0 | AH10: =AF10/$AF$24 -> #DIV/0! | AI10: =AG10/$AG$24 -> #DIV/0! | AJ10: =NPA!AJ10+NES!AJ10+'2026-PKL NPA'!AJ10+'2026- Harian NES'!AJ10+'2026-Harian NPA'!AJ10+'2026-LPK MKS NPA'!AJ10+'2026-LPK MKM NPA'!AJ10+'2026-LPK DKP NPA '!AJ10+'2026-LPK CTPS NPA'!AJ10+'2026-LPK CDB NPA'!AJ10+'2026-OS CTPS NPA'!AJ10+'2026-OS CDB NPA'!AJ10 -> 0 | AK10: =NPA!AK10+NES!AK10+'2026-PKL NPA'!AK10+'2026- Harian NES'!AK10+'2026-Harian NPA'!AK10+'2026-LPK MKS NPA'!AK10+'2026-LPK MKM NPA'!AK10+'2026-LPK DKP NPA '!AK10+'2026-LPK CTPS NPA'!AK10+'2026-LPK CDB NPA'!AK10+'2026-OS CTPS NPA'!AK10+'2026-OS CDB NPA'!AK10 -> 0 | AL10: =AJ10/$AJ$24 -> #DIV/0! | AM10: =AK10/$AK$24 -> #DIV/0! | AN10: =NPA!AN10+NES!AN10+'2026-PKL NPA'!AN10+'2026- Harian NES'!AN10+'2026-Harian NPA'!AN10+'2026-LPK MKS NPA'!AN10+'2026-LPK MKM NPA'!AN10+'2026-LPK DKP NPA '!AN10+'2026-LPK CTPS NPA'!AN10+'2026-LPK CDB NPA'!AN10+'2026-OS CTPS NPA'!AN10+'2026-OS CDB NPA'!AN10 -> 0 | AO10: =NPA!AO10+NES!AO10+'2026-PKL NPA'!AO10+'2026- Harian NES'!AO10+'2026-Harian NPA'!AO10+'2026-LPK MKS NPA'!AO10+'2026-LPK MKM NPA'!AO10+'2026-LPK DKP NPA '!AO10+'2026-LPK CTPS NPA'!AO10+'2026-LPK CDB NPA'!AO10+'2026-OS CTPS NPA'!AO10+'2026-OS CDB NPA'!AO10 -> 0 | AP10: =AN10/$AN$24 -> #DIV/0! | AQ10: =AO10/$AO$24 -> #DIV/0! | AR10: =NPA!AR10+NES!AR10+'2026-PKL NPA'!AR10+'2026- Harian NES'!AR10+'2026-Harian NPA'!AR10+'2026-LPK MKS NPA'!AR10+'2026-LPK MKM NPA'!AR10+'2026-LPK DKP NPA '!AR10+'2026-LPK CTPS NPA'!AR10+'2026-LPK CDB NPA'!AR10+'2026-OS CTPS NPA'!AR10+'2026-OS CDB NPA'!AR10 -> 0 | AS10: =NPA!AS10+NES!AS10+'2026-PKL NPA'!AS10+'2026- Harian NES'!AS10+'2026-Harian NPA'!AS10+'2026-LPK MKS NPA'!AS10+'2026-LPK MKM NPA'!AS10+'2026-LPK DKP NPA '!AS10+'2026-LPK CTPS NPA'!AS10+'2026-LPK CDB NPA'!AS10+'2026-OS CTPS NPA'!AS10+'2026-OS CDB NPA'!AS10 -> 0 | AT10: =AR10/$AR$24 -> #DIV/0! | AU10: =AS10/$AS$24 -> #DIV/0! | AV10: =NPA!AV10+NES!AV10+'2026-PKL NPA'!AV10+'2026- Harian NES'!AV10+'2026-Harian NPA'!AV10+'2026-LPK MKS NPA'!AV10+'2026-LPK MKM NPA'!AV10+'2026-LPK DKP NPA '!AV10+'2026-LPK CTPS NPA'!AV10+'2026-LPK CDB NPA'!AV10+'2026-OS CTPS NPA'!AV10+'2026-OS CDB NPA'!AV10 -> 0 | AW10: =NPA!AW10+NES!AW10+'2026-PKL NPA'!AW10+'2026- Harian NES'!AW10+'2026-Harian NPA'!AW10+'2026-LPK MKS NPA'!AW10+'2026-LPK MKM NPA'!AW10+'2026-LPK DKP NPA '!AW10+'2026-LPK CTPS NPA'!AW10+'2026-LPK CDB NPA'!AW10+'2026-OS CTPS NPA'!AW10+'2026-OS CDB NPA'!AW10 -> 0 | AX10: =AV10/$AJ$24 -> #DIV/0! | AY10: =AW10/$AK$24 -> #DIV/0! | AZ10: =E10+I10+M10+Q10+U10+Y10+AC10+AG10+AK10+AO10+AS10+AW10 -> 731006765 | BA10: =AVERAGE(F10,J10,N10,R10,V10,Z10,AD10,AH10,AL10,AP10,AT10,AX10) -> #DIV/0! | BB10: =AVERAGE(G10,K10,O10,S10,W10,AA10,AE10,AI10,AM10,AQ10,AU10,AY10) -> #DIV/0! | BC10: =E10+I10+M10 -> 731006765 | BD10: =Q10+U10+Y10 -> 0 | BE10: =AC10+AG10+AK10 -> 0 | BF10: =AO10+AS10+AW10 -> 0
B11: =B10+1 -> 5 | C11: Purchasing & EIM | D11: =NPA!D11+NES!D11+'2026-PKL NPA'!D11+'2026- Harian NES'!D11+'2026-Harian NPA'!D11+'2026-LPK MKS NPA'!D11+'2026-LPK MKM NPA'!D11+'2026-LPK DKP NPA '!D11+'2026-LPK CTPS NPA'!D11+'2026-LPK CDB NPA'!D11+'2026-OS CTPS NPA'!D11+'2026-OS CDB NPA'!D11 -> 5 | E11: =NPA!E11+NES!E11+'2026-PKL NPA'!E11+'2026- Harian NES'!E11+'2026-Harian NPA'!E11+'2026-LPK MKS NPA'!E11+'2026-LPK MKM NPA'!E11+'2026-LPK DKP NPA '!E11+'2026-LPK CTPS NPA'!E11+'2026-LPK CDB NPA'!E11+'2026-OS CTPS NPA'!E11+'2026-OS CDB NPA'!E11 -> 56116099 | F11: =D11/$D$24 -> 0.015384615 | G11: =E11/$E$24 -> 0.02246737 | H11: =NPA!H11+NES!H11+'2026-PKL NPA'!H11+'2026- Harian NES'!H11+'2026-Harian NPA'!H11+'2026-LPK MKS NPA'!H11+'2026-LPK MKM NPA'!H11+'2026-LPK DKP NPA '!H11+'2026-LPK CTPS NPA'!H11+'2026-LPK CDB NPA'!H11+'2026-OS CTPS NPA'!H11+'2026-OS CDB NPA'!H11 -> 5 | I11: =NPA!I11+NES!I11+'2026-PKL NPA'!I11+'2026- Harian NES'!I11+'2026-Harian NPA'!I11+'2026-LPK MKS NPA'!I11+'2026-LPK MKM NPA'!I11+'2026-LPK DKP NPA '!I11+'2026-LPK CTPS NPA'!I11+'2026-LPK CDB NPA'!I11+'2026-OS CTPS NPA'!I11+'2026-OS CDB NPA'!I11 -> 54749422 | J11: =H11/$H$24 -> 0.01607717 | K11: =I11/$I$24 -> 0.023517104 | L11: =NPA!L11+NES!L11+'2026-PKL NPA'!L11+'2026- Harian NES'!L11+'2026-Harian NPA'!L11+'2026-LPK MKS NPA'!L11+'2026-LPK MKM NPA'!L11+'2026-LPK DKP NPA '!L11+'2026-LPK CTPS NPA'!L11+'2026-LPK CDB NPA'!L11+'2026-OS CTPS NPA'!L11+'2026-OS CDB NPA'!L11 -> 5 | M11: =NPA!M11+NES!M11+'2026-PKL NPA'!M11+'2026- Harian NES'!M11+'2026-Harian NPA'!M11+'2026-LPK MKS NPA'!M11+'2026-LPK MKM NPA'!M11+'2026-LPK DKP NPA '!M11+'2026-LPK CTPS NPA'!M11+'2026-LPK CDB NPA'!M11+'2026-OS CTPS NPA'!M11+'2026-OS CDB NPA'!M11 -> 52851029 | N11: =L11/$L$24 -> 0.01607717 | O11: =M11/$M$24 -> 0.024369583 | P11: =NPA!P11+NES!P11+'2026-PKL NPA'!P11+'2026- Harian NES'!P11+'2026-Harian NPA'!P11+'2026-LPK MKS NPA'!P11+'2026-LPK MKM NPA'!P11+'2026-LPK DKP NPA '!P11+'2026-LPK CTPS NPA'!P11+'2026-LPK CDB NPA'!P11+'2026-OS CTPS NPA'!P11+'2026-OS CDB NPA'!P11 -> 0 | Q11: =NPA!Q11+NES!Q11+'2026-PKL NPA'!Q11+'2026- Harian NES'!Q11+'2026-Harian NPA'!Q11+'2026-LPK MKS NPA'!Q11+'2026-LPK MKM NPA'!Q11+'2026-LPK DKP NPA '!Q11+'2026-LPK CTPS NPA'!Q11+'2026-LPK CDB NPA'!Q11+'2026-OS CTPS NPA'!Q11+'2026-OS CDB NPA'!Q11 -> 0 | R11: =P11/$P$24 -> #DIV/0! | S11: =Q11/$Q$24 -> #DIV/0! | T11: =NPA!T11+NES!T11+'2026-PKL NPA'!T11+'2026- Harian NES'!T11+'2026-Harian NPA'!T11+'2026-LPK MKS NPA'!T11+'2026-LPK MKM NPA'!T11+'2026-LPK DKP NPA '!T11+'2026-LPK CTPS NPA'!T11+'2026-LPK CDB NPA'!T11+'2026-OS CTPS NPA'!T11+'2026-OS CDB NPA'!T11 -> 0 | U11: =NPA!U11+NES!U11+'2026-PKL NPA'!U11+'2026- Harian NES'!U11+'2026-Harian NPA'!U11+'2026-LPK MKS NPA'!U11+'2026-LPK MKM NPA'!U11+'2026-LPK DKP NPA '!U11+'2026-LPK CTPS NPA'!U11+'2026-LPK CDB NPA'!U11+'2026-OS CTPS NPA'!U11+'2026-OS CDB NPA'!U11 -> 0 | V11: =T11/$T$24 -> #DIV/0! | W11: =U11/$U$24 -> #DIV/0! | X11: =NPA!X11+NES!X11+'2026-PKL NPA'!X11+'2026- Harian NES'!X11+'2026-Harian NPA'!X11+'2026-LPK MKS NPA'!X11+'2026-LPK MKM NPA'!X11+'2026-LPK DKP NPA '!X11+'2026-LPK CTPS NPA'!X11+'2026-LPK CDB NPA'!X11+'2026-OS CTPS NPA'!X11+'2026-OS CDB NPA'!X11 -> 0 | Y11: =NPA!Y11+NES!Y11+'2026-PKL NPA'!Y11+'2026- Harian NES'!Y11+'2026-Harian NPA'!Y11+'2026-LPK MKS NPA'!Y11+'2026-LPK MKM NPA'!Y11+'2026-LPK DKP NPA '!Y11+'2026-LPK CTPS NPA'!Y11+'2026-LPK CDB NPA'!Y11+'2026-OS CTPS NPA'!Y11+'2026-OS CDB NPA'!Y11 -> 0 | Z11: =X11/$X$24 -> #DIV/0! | AA11: =Y11/$Y$24 -> #DIV/0! | AB11: =NPA!AB11+NES!AB11+'2026-PKL NPA'!AB11+'2026- Harian NES'!AB11+'2026-Harian NPA'!AB11+'2026-LPK MKS NPA'!AB11+'2026-LPK MKM NPA'!AB11+'2026-LPK DKP NPA '!AB11+'2026-LPK CTPS NPA'!AB11+'2026-LPK CDB NPA'!AB11+'2026-OS CTPS NPA'!AB11+'2026-OS CDB NPA'!AB11 -> 0 | AC11: =NPA!AC11+NES!AC11+'2026-PKL NPA'!AC11+'2026- Harian NES'!AC11+'2026-Harian NPA'!AC11+'2026-LPK MKS NPA'!AC11+'2026-LPK MKM NPA'!AC11+'2026-LPK DKP NPA '!AC11+'2026-LPK CTPS NPA'!AC11+'2026-LPK CDB NPA'!AC11+'2026-OS CTPS NPA'!AC11+'2026-OS CDB NPA'!AC11 -> 0 | AD11: =AB11/$AB$24 -> #DIV/0! | AE11: =AC11/$AC$24 -> #DIV/0! | AF11: =NPA!AF11+NES!AF11+'2026-PKL NPA'!AF11+'2026- Harian NES'!AF11+'2026-Harian NPA'!AF11+'2026-LPK MKS NPA'!AF11+'2026-LPK MKM NPA'!AF11+'2026-LPK DKP NPA '!AF11+'2026-LPK CTPS NPA'!AF11+'2026-LPK CDB NPA'!AF11+'2026-OS CTPS NPA'!AF11+'2026-OS CDB NPA'!AF11 -> 0 | AG11: =NPA!AG11+NES!AG11+'2026-PKL NPA'!AG11+'2026- Harian NES'!AG11+'2026-Harian NPA'!AG11+'2026-LPK MKS NPA'!AG11+'2026-LPK MKM NPA'!AG11+'2026-LPK DKP NPA '!AG11+'2026-LPK CTPS NPA'!AG11+'2026-LPK CDB NPA'!AG11+'2026-OS CTPS NPA'!AG11+'2026-OS CDB NPA'!AG11 -> 0 | AH11: =AF11/$AF$24 -> #DIV/0! | AI11: =AG11/$AG$24 -> #DIV/0! | AJ11: =NPA!AJ11+NES!AJ11+'2026-PKL NPA'!AJ11+'2026- Harian NES'!AJ11+'2026-Harian NPA'!AJ11+'2026-LPK MKS NPA'!AJ11+'2026-LPK MKM NPA'!AJ11+'2026-LPK DKP NPA '!AJ11+'2026-LPK CTPS NPA'!AJ11+'2026-LPK CDB NPA'!AJ11+'2026-OS CTPS NPA'!AJ11+'2026-OS CDB NPA'!AJ11 -> 0 | AK11: =NPA!AK11+NES!AK11+'2026-PKL NPA'!AK11+'2026- Harian NES'!AK11+'2026-Harian NPA'!AK11+'2026-LPK MKS NPA'!AK11+'2026-LPK MKM NPA'!AK11+'2026-LPK DKP NPA '!AK11+'2026-LPK CTPS NPA'!AK11+'2026-LPK CDB NPA'!AK11+'2026-OS CTPS NPA'!AK11+'2026-OS CDB NPA'!AK11 -> 0 | AL11: =AJ11/$AJ$24 -> #DIV/0! | AM11: =AK11/$AK$24 -> #DIV/0! | AN11: =NPA!AN11+NES!AN11+'2026-PKL NPA'!AN11+'2026- Harian NES'!AN11+'2026-Harian NPA'!AN11+'2026-LPK MKS NPA'!AN11+'2026-LPK MKM NPA'!AN11+'2026-LPK DKP NPA '!AN11+'2026-LPK CTPS NPA'!AN11+'2026-LPK CDB NPA'!AN11+'2026-OS CTPS NPA'!AN11+'2026-OS CDB NPA'!AN11 -> 0 | AO11: =NPA!AO11+NES!AO11+'2026-PKL NPA'!AO11+'2026- Harian NES'!AO11+'2026-Harian NPA'!AO11+'2026-LPK MKS NPA'!AO11+'2026-LPK MKM NPA'!AO11+'2026-LPK DKP NPA '!AO11+'2026-LPK CTPS NPA'!AO11+'2026-LPK CDB NPA'!AO11+'2026-OS CTPS NPA'!AO11+'2026-OS CDB NPA'!AO11 -> 0 | AP11: =AN11/$AN$24 -> #DIV/0! | AQ11: =AO11/$AO$24 -> #DIV/0! | AR11: =NPA!AR11+NES!AR11+'2026-PKL NPA'!AR11+'2026- Harian NES'!AR11+'2026-Harian NPA'!AR11+'2026-LPK MKS NPA'!AR11+'2026-LPK MKM NPA'!AR11+'2026-LPK DKP NPA '!AR11+'2026-LPK CTPS NPA'!AR11+'2026-LPK CDB NPA'!AR11+'2026-OS CTPS NPA'!AR11+'2026-OS CDB NPA'!AR11 -> 0 | AS11: =NPA!AS11+NES!AS11+'2026-PKL NPA'!AS11+'2026- Harian NES'!AS11+'2026-Harian NPA'!AS11+'2026-LPK MKS NPA'!AS11+'2026-LPK MKM NPA'!AS11+'2026-LPK DKP NPA '!AS11+'2026-LPK CTPS NPA'!AS11+'2026-LPK CDB NPA'!AS11+'2026-OS CTPS NPA'!AS11+'2026-OS CDB NPA'!AS11 -> 0 | AT11: =AR11/$AR$24 -> #DIV/0! | AU11: =AS11/$AS$24 -> #DIV/0! | AV11: =NPA!AV11+NES!AV11+'2026-PKL NPA'!AV11+'2026- Harian NES'!AV11+'2026-Harian NPA'!AV11+'2026-LPK MKS NPA'!AV11+'2026-LPK MKM NPA'!AV11+'2026-LPK DKP NPA '!AV11+'2026-LPK CTPS NPA'!AV11+'2026-LPK CDB NPA'!AV11+'2026-OS CTPS NPA'!AV11+'2026-OS CDB NPA'!AV11 -> 0 | AW11: =NPA!AW11+NES!AW11+'2026-PKL NPA'!AW11+'2026- Harian NES'!AW11+'2026-Harian NPA'!AW11+'2026-LPK MKS NPA'!AW11+'2026-LPK MKM NPA'!AW11+'2026-LPK DKP NPA '!AW11+'2026-LPK CTPS NPA'!AW11+'2026-LPK CDB NPA'!AW11+'2026-OS CTPS NPA'!AW11+'2026-OS CDB NPA'!AW11 -> 0 | AX11: =AV11/$AJ$24 -> #DIV/0! | AY11: =AW11/$AK$24 -> #DIV/0! | AZ11: =E11+I11+M11+Q11+U11+Y11+AC11+AG11+AK11+AO11+AS11+AW11 -> 163716550 | BA11: =AVERAGE(F11,J11,N11,R11,V11,Z11,AD11,AH11,AL11,AP11,AT11,AX11) -> #DIV/0! | BB11: =AVERAGE(G11,K11,O11,S11,W11,AA11,AE11,AI11,AM11,AQ11,AU11,AY11) -> #DIV/0! | BC11: =E11+I11+M11 -> 163716550 | BD11: =Q11+U11+Y11 -> 0 | BE11: =AC11+AG11+AK11 -> 0 | BF11: =AO11+AS11+AW11 -> 0
B12: =B11+1 -> 6 | C12: HRD,GA & Legal | D12: =NPA!D12+NES!D12+'2026-PKL NPA'!D12+'2026- Harian NES'!D12+'2026-Harian NPA'!D12+'2026-LPK MKS NPA'!D12+'2026-LPK MKM NPA'!D12+'2026-LPK DKP NPA '!D12+'2026-LPK CTPS NPA'!D12+'2026-LPK CDB NPA'!D12+'2026-OS CTPS NPA'!D12+'2026-OS CDB NPA'!D12 -> 22 | E12: =NPA!E12+NES!E12+'2026-PKL NPA'!E12+'2026- Harian NES'!E12+'2026-Harian NPA'!E12+'2026-LPK MKS NPA'!E12+'2026-LPK MKM NPA'!E12+'2026-LPK DKP NPA '!E12+'2026-LPK CTPS NPA'!E12+'2026-LPK CDB NPA'!E12+'2026-OS CTPS NPA'!E12+'2026-OS CDB NPA'!E12 -> 163588708 | F12: =D12/$D$24 -> 0.067692308 | G12: =E12/$E$24 -> 0.0654965 | H12: =NPA!H12+NES!H12+'2026-PKL NPA'!H12+'2026- Harian NES'!H12+'2026-Harian NPA'!H12+'2026-LPK MKS NPA'!H12+'2026-LPK MKM NPA'!H12+'2026-LPK DKP NPA '!H12+'2026-LPK CTPS NPA'!H12+'2026-LPK CDB NPA'!H12+'2026-OS CTPS NPA'!H12+'2026-OS CDB NPA'!H12 -> 20 | I12: =NPA!I12+NES!I12+'2026-PKL NPA'!I12+'2026- Harian NES'!I12+'2026-Harian NPA'!I12+'2026-LPK MKS NPA'!I12+'2026-LPK MKM NPA'!I12+'2026-LPK DKP NPA '!I12+'2026-LPK CTPS NPA'!I12+'2026-LPK CDB NPA'!I12+'2026-OS CTPS NPA'!I12+'2026-OS CDB NPA'!I12 -> 158052790 | J12: =H12/$H$24 -> 0.064308682 | K12: =I12/$I$24 -> 0.067890102 | L12: =NPA!L12+NES!L12+'2026-PKL NPA'!L12+'2026- Harian NES'!L12+'2026-Harian NPA'!L12+'2026-LPK MKS NPA'!L12+'2026-LPK MKM NPA'!L12+'2026-LPK DKP NPA '!L12+'2026-LPK CTPS NPA'!L12+'2026-LPK CDB NPA'!L12+'2026-OS CTPS NPA'!L12+'2026-OS CDB NPA'!L12 -> 20 | M12: =NPA!M12+NES!M12+'2026-PKL NPA'!M12+'2026- Harian NES'!M12+'2026-Harian NPA'!M12+'2026-LPK MKS NPA'!M12+'2026-LPK MKM NPA'!M12+'2026-LPK DKP NPA '!M12+'2026-LPK CTPS NPA'!M12+'2026-LPK CDB NPA'!M12+'2026-OS CTPS NPA'!M12+'2026-OS CDB NPA'!M12 -> 147062086 | N12: =L12/$L$24 -> 0.064308682 | O12: =M12/$M$24 -> 0.067810253 | P12: =NPA!P12+NES!P12+'2026-PKL NPA'!P12+'2026- Harian NES'!P12+'2026-Harian NPA'!P12+'2026-LPK MKS NPA'!P12+'2026-LPK MKM NPA'!P12+'2026-LPK DKP NPA '!P12+'2026-LPK CTPS NPA'!P12+'2026-LPK CDB NPA'!P12+'2026-OS CTPS NPA'!P12+'2026-OS CDB NPA'!P12 -> 0 | Q12: =NPA!Q12+NES!Q12+'2026-PKL NPA'!Q12+'2026- Harian NES'!Q12+'2026-Harian NPA'!Q12+'2026-LPK MKS NPA'!Q12+'2026-LPK MKM NPA'!Q12+'2026-LPK DKP NPA '!Q12+'2026-LPK CTPS NPA'!Q12+'2026-LPK CDB NPA'!Q12+'2026-OS CTPS NPA'!Q12+'2026-OS CDB NPA'!Q12 -> 0 | R12: =P12/$P$24 -> #DIV/0! | S12: =Q12/$Q$24 -> #DIV/0! | T12: =NPA!T12+NES!T12+'2026-PKL NPA'!T12+'2026- Harian NES'!T12+'2026-Harian NPA'!T12+'2026-LPK MKS NPA'!T12+'2026-LPK MKM NPA'!T12+'2026-LPK DKP NPA '!T12+'2026-LPK CTPS NPA'!T12+'2026-LPK CDB NPA'!T12+'2026-OS CTPS NPA'!T12+'2026-OS CDB NPA'!T12 -> 0 | U12: =NPA!U12+NES!U12+'2026-PKL NPA'!U12+'2026- Harian NES'!U12+'2026-Harian NPA'!U12+'2026-LPK MKS NPA'!U12+'2026-LPK MKM NPA'!U12+'2026-LPK DKP NPA '!U12+'2026-LPK CTPS NPA'!U12+'2026-LPK CDB NPA'!U12+'2026-OS CTPS NPA'!U12+'2026-OS CDB NPA'!U12 -> 0 | V12: =T12/$T$24 -> #DIV/0! | W12: =U12/$U$24 -> #DIV/0! | X12: =NPA!X12+NES!X12+'2026-PKL NPA'!X12+'2026- Harian NES'!X12+'2026-Harian NPA'!X12+'2026-LPK MKS NPA'!X12+'2026-LPK MKM NPA'!X12+'2026-LPK DKP NPA '!X12+'2026-LPK CTPS NPA'!X12+'2026-LPK CDB NPA'!X12+'2026-OS CTPS NPA'!X12+'2026-OS CDB NPA'!X12 -> 0 | Y12: =NPA!Y12+NES!Y12+'2026-PKL NPA'!Y12+'2026- Harian NES'!Y12+'2026-Harian NPA'!Y12+'2026-LPK MKS NPA'!Y12+'2026-LPK MKM NPA'!Y12+'2026-LPK DKP NPA '!Y12+'2026-LPK CTPS NPA'!Y12+'2026-LPK CDB NPA'!Y12+'2026-OS CTPS NPA'!Y12+'2026-OS CDB NPA'!Y12 -> 0 | Z12: =X12/$X$24 -> #DIV/0! | AA12: =Y12/$Y$24 -> #DIV/0! | AB12: =NPA!AB12+NES!AB12+'2026-PKL NPA'!AB12+'2026- Harian NES'!AB12+'2026-Harian NPA'!AB12+'2026-LPK MKS NPA'!AB12+'2026-LPK MKM NPA'!AB12+'2026-LPK DKP NPA '!AB12+'2026-LPK CTPS NPA'!AB12+'2026-LPK CDB NPA'!AB12+'2026-OS CTPS NPA'!AB12+'2026-OS CDB NPA'!AB12 -> 0 | AC12: =NPA!AC12+NES!AC12+'2026-PKL NPA'!AC12+'2026- Harian NES'!AC12+'2026-Harian NPA'!AC12+'2026-LPK MKS NPA'!AC12+'2026-LPK MKM NPA'!AC12+'2026-LPK DKP NPA '!AC12+'2026-LPK CTPS NPA'!AC12+'2026-LPK CDB NPA'!AC12+'2026-OS CTPS NPA'!AC12+'2026-OS CDB NPA'!AC12 -> 0 | AD12: =AB12/$AB$24 -> #DIV/0! | AE12: =AC12/$AC$24 -> #DIV/0! | AF12: =NPA!AF12+NES!AF12+'2026-PKL NPA'!AF12+'2026- Harian NES'!AF12+'2026-Harian NPA'!AF12+'2026-LPK MKS NPA'!AF12+'2026-LPK MKM NPA'!AF12+'2026-LPK DKP NPA '!AF12+'2026-LPK CTPS NPA'!AF12+'2026-LPK CDB NPA'!AF12+'2026-OS CTPS NPA'!AF12+'2026-OS CDB NPA'!AF12 -> 0 | AG12: =NPA!AG12+NES!AG12+'2026-PKL NPA'!AG12+'2026- Harian NES'!AG12+'2026-Harian NPA'!AG12+'2026-LPK MKS NPA'!AG12+'2026-LPK MKM NPA'!AG12+'2026-LPK DKP NPA '!AG12+'2026-LPK CTPS NPA'!AG12+'2026-LPK CDB NPA'!AG12+'2026-OS CTPS NPA'!AG12+'2026-OS CDB NPA'!AG12 -> 0 | AH12: =AF12/$AF$24 -> #DIV/0! | AI12: =AG12/$AG$24 -> #DIV/0! | AJ12: =NPA!AJ12+NES!AJ12+'2026-PKL NPA'!AJ12+'2026- Harian NES'!AJ12+'2026-Harian NPA'!AJ12+'2026-LPK MKS NPA'!AJ12+'2026-LPK MKM NPA'!AJ12+'2026-LPK DKP NPA '!AJ12+'2026-LPK CTPS NPA'!AJ12+'2026-LPK CDB NPA'!AJ12+'2026-OS CTPS NPA'!AJ12+'2026-OS CDB NPA'!AJ12 -> 0 | AK12: =NPA!AK12+NES!AK12+'2026-PKL NPA'!AK12+'2026- Harian NES'!AK12+'2026-Harian NPA'!AK12+'2026-LPK MKS NPA'!AK12+'2026-LPK MKM NPA'!AK12+'2026-LPK DKP NPA '!AK12+'2026-LPK CTPS NPA'!AK12+'2026-LPK CDB NPA'!AK12+'2026-OS CTPS NPA'!AK12+'2026-OS CDB NPA'!AK12 -> 0 | AL12: =AJ12/$AJ$24 -> #DIV/0! | AM12: =AK12/$AK$24 -> #DIV/0! | AN12: =NPA!AN12+NES!AN12+'2026-PKL NPA'!AN12+'2026- Harian NES'!AN12+'2026-Harian NPA'!AN12+'2026-LPK MKS NPA'!AN12+'2026-LPK MKM NPA'!AN12+'2026-LPK DKP NPA '!AN12+'2026-LPK CTPS NPA'!AN12+'2026-LPK CDB NPA'!AN12+'2026-OS CTPS NPA'!AN12+'2026-OS CDB NPA'!AN12 -> 0 | AO12: =NPA!AO12+NES!AO12+'2026-PKL NPA'!AO12+'2026- Harian NES'!AO12+'2026-Harian NPA'!AO12+'2026-LPK MKS NPA'!AO12+'2026-LPK MKM NPA'!AO12+'2026-LPK DKP NPA '!AO12+'2026-LPK CTPS NPA'!AO12+'2026-LPK CDB NPA'!AO12+'2026-OS CTPS NPA'!AO12+'2026-OS CDB NPA'!AO12 -> 0 | AP12: =AN12/$AN$24 -> #DIV/0! | AQ12: =AO12/$AO$24 -> #DIV/0! | AR12: =NPA!AR12+NES!AR12+'2026-PKL NPA'!AR12+'2026- Harian NES'!AR12+'2026-Harian NPA'!AR12+'2026-LPK MKS NPA'!AR12+'2026-LPK MKM NPA'!AR12+'2026-LPK DKP NPA '!AR12+'2026-LPK CTPS NPA'!AR12+'2026-LPK CDB NPA'!AR12+'2026-OS CTPS NPA'!AR12+'2026-OS CDB NPA'!AR12 -> 0 | AS12: =NPA!AS12+NES!AS12+'2026-PKL NPA'!AS12+'2026- Harian NES'!AS12+'2026-Harian NPA'!AS12+'2026-LPK MKS NPA'!AS12+'2026-LPK MKM NPA'!AS12+'2026-LPK DKP NPA '!AS12+'2026-LPK CTPS NPA'!AS12+'2026-LPK CDB NPA'!AS12+'2026-OS CTPS NPA'!AS12+'2026-OS CDB NPA'!AS12 -> 0 | AT12: =AR12/$AR$24 -> #DIV/0! | AU12: =AS12/$AS$24 -> #DIV/0! | AV12: =NPA!AV12+NES!AV12+'2026-PKL NPA'!AV12+'2026- Harian NES'!AV12+'2026-Harian NPA'!AV12+'2026-LPK MKS NPA'!AV12+'2026-LPK MKM NPA'!AV12+'2026-LPK DKP NPA '!AV12+'2026-LPK CTPS NPA'!AV12+'2026-LPK CDB NPA'!AV12+'2026-OS CTPS NPA'!AV12+'2026-OS CDB NPA'!AV12 -> 0 | AW12: =NPA!AW12+NES!AW12+'2026-PKL NPA'!AW12+'2026- Harian NES'!AW12+'2026-Harian NPA'!AW12+'2026-LPK MKS NPA'!AW12+'2026-LPK MKM NPA'!AW12+'2026-LPK DKP NPA '!AW12+'2026-LPK CTPS NPA'!AW12+'2026-LPK CDB NPA'!AW12+'2026-OS CTPS NPA'!AW12+'2026-OS CDB NPA'!AW12 -> 0 | AX12: =AV12/$AJ$24 -> #DIV/0! | AY12: =AW12/$AK$24 -> #DIV/0! | AZ12: =E12+I12+M12+Q12+U12+Y12+AC12+AG12+AK12+AO12+AS12+AW12 -> 468703584 | BA12: =AVERAGE(F12,J12,N12,R12,V12,Z12,AD12,AH12,AL12,AP12,AT12,AX12) -> #DIV/0! | BB12: =AVERAGE(G12,K12,O12,S12,W12,AA12,AE12,AI12,AM12,AQ12,AU12,AY12) -> #DIV/0! | BC12: =E12+I12+M12 -> 468703584 | BD12: =Q12+U12+Y12 -> 0 | BE12: =AC12+AG12+AK12 -> 0 | BF12: =AO12+AS12+AW12 -> 0
B13: =B12+1 -> 7 | C13: HRD,GA & Legal (SECURITY) | D13: =NPA!D13+NES!D13+'2026-PKL NPA'!D13+'2026- Harian NES'!D13+'2026-Harian NPA'!D13+'2026-LPK MKS NPA'!D13+'2026-LPK MKM NPA'!D13+'2026-LPK DKP NPA '!D13+'2026-LPK CTPS NPA'!D13+'2026-LPK CDB NPA'!D13+'2026-OS CTPS NPA'!D13+'2026-OS CDB NPA'!D13 -> 15 | E13: =NPA!E13+NES!E13+'2026-PKL NPA'!E13+'2026- Harian NES'!E13+'2026-Harian NPA'!E13+'2026-LPK MKS NPA'!E13+'2026-LPK MKM NPA'!E13+'2026-LPK DKP NPA '!E13+'2026-LPK CTPS NPA'!E13+'2026-LPK CDB NPA'!E13+'2026-OS CTPS NPA'!E13+'2026-OS CDB NPA'!E13 -> 143029030 | F13: =D13/$D$24 -> 0.046153846 | G13: =E13/$E$24 -> 0.057264961 | H13: =NPA!H13+NES!H13+'2026-PKL NPA'!H13+'2026- Harian NES'!H13+'2026-Harian NPA'!H13+'2026-LPK MKS NPA'!H13+'2026-LPK MKM NPA'!H13+'2026-LPK DKP NPA '!H13+'2026-LPK CTPS NPA'!H13+'2026-LPK CDB NPA'!H13+'2026-OS CTPS NPA'!H13+'2026-OS CDB NPA'!H13 -> 15 | I13: =NPA!I13+NES!I13+'2026-PKL NPA'!I13+'2026- Harian NES'!I13+'2026-Harian NPA'!I13+'2026-LPK MKS NPA'!I13+'2026-LPK MKM NPA'!I13+'2026-LPK DKP NPA '!I13+'2026-LPK CTPS NPA'!I13+'2026-LPK CDB NPA'!I13+'2026-OS CTPS NPA'!I13+'2026-OS CDB NPA'!I13 -> 131419610 | J13: =H13/$H$24 -> 0.048231511 | K13: =I13/$I$24 -> 0.056450068 | L13: =NPA!L13+NES!L13+'2026-PKL NPA'!L13+'2026- Harian NES'!L13+'2026-Harian NPA'!L13+'2026-LPK MKS NPA'!L13+'2026-LPK MKM NPA'!L13+'2026-LPK DKP NPA '!L13+'2026-LPK CTPS NPA'!L13+'2026-LPK CDB NPA'!L13+'2026-OS CTPS NPA'!L13+'2026-OS CDB NPA'!L13 -> 15 | M13: =NPA!M13+NES!M13+'2026-PKL NPA'!M13+'2026- Harian NES'!M13+'2026-Harian NPA'!M13+'2026-LPK MKS NPA'!M13+'2026-LPK MKM NPA'!M13+'2026-LPK DKP NPA '!M13+'2026-LPK CTPS NPA'!M13+'2026-LPK CDB NPA'!M13+'2026-OS CTPS NPA'!M13+'2026-OS CDB NPA'!M13 -> 137778778 | N13: =L13/$L$24 -> 0.048231511 | O13: =M13/$M$24 -> 0.063529725 | P13: =NPA!P13+NES!P13+'2026-PKL NPA'!P13+'2026- Harian NES'!P13+'2026-Harian NPA'!P13+'2026-LPK MKS NPA'!P13+'2026-LPK MKM NPA'!P13+'2026-LPK DKP NPA '!P13+'2026-LPK CTPS NPA'!P13+'2026-LPK CDB NPA'!P13+'2026-OS CTPS NPA'!P13+'2026-OS CDB NPA'!P13 -> 0 | Q13: =NPA!Q13+NES!Q13+'2026-PKL NPA'!Q13+'2026- Harian NES'!Q13+'2026-Harian NPA'!Q13+'2026-LPK MKS NPA'!Q13+'2026-LPK MKM NPA'!Q13+'2026-LPK DKP NPA '!Q13+'2026-LPK CTPS NPA'!Q13+'2026-LPK CDB NPA'!Q13+'2026-OS CTPS NPA'!Q13+'2026-OS CDB NPA'!Q13 -> 0 | R13: =P13/$P$24 -> #DIV/0! | S13: =Q13/$Q$24 -> #DIV/0! | T13: =NPA!T13+NES!T13+'2026-PKL NPA'!T13+'2026- Harian NES'!T13+'2026-Harian NPA'!T13+'2026-LPK MKS NPA'!T13+'2026-LPK MKM NPA'!T13+'2026-LPK DKP NPA '!T13+'2026-LPK CTPS NPA'!T13+'2026-LPK CDB NPA'!T13+'2026-OS CTPS NPA'!T13+'2026-OS CDB NPA'!T13 -> 0 | U13: =NPA!U13+NES!U13+'2026-PKL NPA'!U13+'2026- Harian NES'!U13+'2026-Harian NPA'!U13+'2026-LPK MKS NPA'!U13+'2026-LPK MKM NPA'!U13+'2026-LPK DKP NPA '!U13+'2026-LPK CTPS NPA'!U13+'2026-LPK CDB NPA'!U13+'2026-OS CTPS NPA'!U13+'2026-OS CDB NPA'!U13 -> 0 | V13: =T13/$T$24 -> #DIV/0! | W13: =U13/$U$24 -> #DIV/0! | X13: =NPA!X13+NES!X13+'2026-PKL NPA'!X13+'2026- Harian NES'!X13+'2026-Harian NPA'!X13+'2026-LPK MKS NPA'!X13+'2026-LPK MKM NPA'!X13+'2026-LPK DKP NPA '!X13+'2026-LPK CTPS NPA'!X13+'2026-LPK CDB NPA'!X13+'2026-OS CTPS NPA'!X13+'2026-OS CDB NPA'!X13 -> 0 | Y13: =NPA!Y13+NES!Y13+'2026-PKL NPA'!Y13+'2026- Harian NES'!Y13+'2026-Harian NPA'!Y13+'2026-LPK MKS NPA'!Y13+'2026-LPK MKM NPA'!Y13+'2026-LPK DKP NPA '!Y13+'2026-LPK CTPS NPA'!Y13+'2026-LPK CDB NPA'!Y13+'2026-OS CTPS NPA'!Y13+'2026-OS CDB NPA'!Y13 -> 0 | Z13: =X13/$X$24 -> #DIV/0! | AA13: =Y13/$Y$24 -> #DIV/0! | AB13: =NPA!AB13+NES!AB13+'2026-PKL NPA'!AB13+'2026- Harian NES'!AB13+'2026-Harian NPA'!AB13+'2026-LPK MKS NPA'!AB13+'2026-LPK MKM NPA'!AB13+'2026-LPK DKP NPA '!AB13+'2026-LPK CTPS NPA'!AB13+'2026-LPK CDB NPA'!AB13+'2026-OS CTPS NPA'!AB13+'2026-OS CDB NPA'!AB13 -> 0 | AC13: =NPA!AC13+NES!AC13+'2026-PKL NPA'!AC13+'2026- Harian NES'!AC13+'2026-Harian NPA'!AC13+'2026-LPK MKS NPA'!AC13+'2026-LPK MKM NPA'!AC13+'2026-LPK DKP NPA '!AC13+'2026-LPK CTPS NPA'!AC13+'2026-LPK CDB NPA'!AC13+'2026-OS CTPS NPA'!AC13+'2026-OS CDB NPA'!AC13 -> 0 | AD13: =AB13/$AB$24 -> #DIV/0! | AE13: =AC13/$AC$24 -> #DIV/0! | AF13: =NPA!AF13+NES!AF13+'2026-PKL NPA'!AF13+'2026- Harian NES'!AF13+'2026-Harian NPA'!AF13+'2026-LPK MKS NPA'!AF13+'2026-LPK MKM NPA'!AF13+'2026-LPK DKP NPA '!AF13+'2026-LPK CTPS NPA'!AF13+'2026-LPK CDB NPA'!AF13+'2026-OS CTPS NPA'!AF13+'2026-OS CDB NPA'!AF13 -> 0 | AG13: =NPA!AG13+NES!AG13+'2026-PKL NPA'!AG13+'2026- Harian NES'!AG13+'2026-Harian NPA'!AG13+'2026-LPK MKS NPA'!AG13+'2026-LPK MKM NPA'!AG13+'2026-LPK DKP NPA '!AG13+'2026-LPK CTPS NPA'!AG13+'2026-LPK CDB NPA'!AG13+'2026-OS CTPS NPA'!AG13+'2026-OS CDB NPA'!AG13 -> 0 | AH13: =AF13/$AF$24 -> #DIV/0! | AI13: =AG13/$AG$24 -> #DIV/0! | AJ13: =NPA!AJ13+NES!AJ13+'2026-PKL NPA'!AJ13+'2026- Harian NES'!AJ13+'2026-Harian NPA'!AJ13+'2026-LPK MKS NPA'!AJ13+'2026-LPK MKM NPA'!AJ13+'2026-LPK DKP NPA '!AJ13+'2026-LPK CTPS NPA'!AJ13+'2026-LPK CDB NPA'!AJ13+'2026-OS CTPS NPA'!AJ13+'2026-OS CDB NPA'!AJ13 -> 0 | AK13: =NPA!AK13+NES!AK13+'2026-PKL NPA'!AK13+'2026- Harian NES'!AK13+'2026-Harian NPA'!AK13+'2026-LPK MKS NPA'!AK13+'2026-LPK MKM NPA'!AK13+'2026-LPK DKP NPA '!AK13+'2026-LPK CTPS NPA'!AK13+'2026-LPK CDB NPA'!AK13+'2026-OS CTPS NPA'!AK13+'2026-OS CDB NPA'!AK13 -> 0 | AL13: =AJ13/$AJ$24 -> #DIV/0! | AM13: =AK13/$AK$24 -> #DIV/0! | AN13: =NPA!AN13+NES!AN13+'2026-PKL NPA'!AN13+'2026- Harian NES'!AN13+'2026-Harian NPA'!AN13+'2026-LPK MKS NPA'!AN13+'2026-LPK MKM NPA'!AN13+'2026-LPK DKP NPA '!AN13+'2026-LPK CTPS NPA'!AN13+'2026-LPK CDB NPA'!AN13+'2026-OS CTPS NPA'!AN13+'2026-OS CDB NPA'!AN13 -> 0 | AO13: =NPA!AO13+NES!AO13+'2026-PKL NPA'!AO13+'2026- Harian NES'!AO13+'2026-Harian NPA'!AO13+'2026-LPK MKS NPA'!AO13+'2026-LPK MKM NPA'!AO13+'2026-LPK DKP NPA '!AO13+'2026-LPK CTPS NPA'!AO13+'2026-LPK CDB NPA'!AO13+'2026-OS CTPS NPA'!AO13+'2026-OS CDB NPA'!AO13 -> 0 | AP13: =AN13/$AN$24 -> #DIV/0! | AQ13: =AO13/$AO$24 -> #DIV/0! | AR13: =NPA!AR13+NES!AR13+'2026-PKL NPA'!AR13+'2026- Harian NES'!AR13+'2026-Harian NPA'!AR13+'2026-LPK MKS NPA'!AR13+'2026-LPK MKM NPA'!AR13+'2026-LPK DKP NPA '!AR13+'2026-LPK CTPS NPA'!AR13+'2026-LPK CDB NPA'!AR13+'2026-OS CTPS NPA'!AR13+'2026-OS CDB NPA'!AR13 -> 0 | AS13: =NPA!AS13+NES!AS13+'2026-PKL NPA'!AS13+'2026- Harian NES'!AS13+'2026-Harian NPA'!AS13+'2026-LPK MKS NPA'!AS13+'2026-LPK MKM NPA'!AS13+'2026-LPK DKP NPA '!AS13+'2026-LPK CTPS NPA'!AS13+'2026-LPK CDB NPA'!AS13+'2026-OS CTPS NPA'!AS13+'2026-OS CDB NPA'!AS13 -> 0 | AT13: =AR13/$AR$24 -> #DIV/0! | AU13: =AS13/$AS$24 -> #DIV/0! | AV13: =NPA!AV13+NES!AV13+'2026-PKL NPA'!AV13+'2026- Harian NES'!AV13+'2026-Harian NPA'!AV13+'2026-LPK MKS NPA'!AV13+'2026-LPK MKM NPA'!AV13+'2026-LPK DKP NPA '!AV13+'2026-LPK CTPS NPA'!AV13+'2026-LPK CDB NPA'!AV13+'2026-OS CTPS NPA'!AV13+'2026-OS CDB NPA'!AV13 -> 0 | AW13: =NPA!AW13+NES!AW13+'2026-PKL NPA'!AW13+'2026- Harian NES'!AW13+'2026-Harian NPA'!AW13+'2026-LPK MKS NPA'!AW13+'2026-LPK MKM NPA'!AW13+'2026-LPK DKP NPA '!AW13+'2026-LPK CTPS NPA'!AW13+'2026-LPK CDB NPA'!AW13+'2026-OS CTPS NPA'!AW13+'2026-OS CDB NPA'!AW13 -> 0 | AX13: =AV13/$AJ$24 -> #DIV/0! | AY13: =AW13/$AK$24 -> #DIV/0! | BA13: =AVERAGE(F13,J13,N13,R13,V13,Z13,AD13,AH13,AL13,AP13,AT13,AX13) -> #DIV/0! | BB13: =AVERAGE(G13,K13,O13,S13,W13,AA13,AE13,AI13,AM13,AQ13,AU13,AY13) -> #DIV/0! | BC13: =E13+I13+M13 -> 412227418 | BD13: =Q13+U13+Y13 -> 0 | BE13: =AC13+AG13+AK13 -> 0 | BF13: =AO13+AS13+AW13 -> 0
B14: =B13+1 -> 8 | C14: MR, QC & HSE | D14: =NPA!D14+NES!D14+'2026-PKL NPA'!D14+'2026- Harian NES'!D14+'2026-Harian NPA'!D14+'2026-LPK MKS NPA'!D14+'2026-LPK MKM NPA'!D14+'2026-LPK DKP NPA '!D14+'2026-LPK CTPS NPA'!D14+'2026-LPK CDB NPA'!D14+'2026-OS CTPS NPA'!D14+'2026-OS CDB NPA'!D14 -> 14 | E14: =NPA!E14+NES!E14+'2026-PKL NPA'!E14+'2026- Harian NES'!E14+'2026-Harian NPA'!E14+'2026-LPK MKS NPA'!E14+'2026-LPK MKM NPA'!E14+'2026-LPK DKP NPA '!E14+'2026-LPK CTPS NPA'!E14+'2026-LPK CDB NPA'!E14+'2026-OS CTPS NPA'!E14+'2026-OS CDB NPA'!E14 -> 108270782 | F14: =D14/$D$24 -> 0.043076923 | G14: =E14/$E$24 -> 0.043348697 | H14: =NPA!H14+NES!H14+'2026-PKL NPA'!H14+'2026- Harian NES'!H14+'2026-Harian NPA'!H14+'2026-LPK MKS NPA'!H14+'2026-LPK MKM NPA'!H14+'2026-LPK DKP NPA '!H14+'2026-LPK CTPS NPA'!H14+'2026-LPK CDB NPA'!H14+'2026-OS CTPS NPA'!H14+'2026-OS CDB NPA'!H14 -> 14 | I14: =NPA!I14+NES!I14+'2026-PKL NPA'!I14+'2026- Harian NES'!I14+'2026-Harian NPA'!I14+'2026-LPK MKS NPA'!I14+'2026-LPK MKM NPA'!I14+'2026-LPK DKP NPA '!I14+'2026-LPK CTPS NPA'!I14+'2026-LPK CDB NPA'!I14+'2026-OS CTPS NPA'!I14+'2026-OS CDB NPA'!I14 -> 106249244 | J14: =H14/$H$24 -> 0.045016077 | K14: =I14/$I$24 -> 0.045638372 | L14: =NPA!L14+NES!L14+'2026-PKL NPA'!L14+'2026- Harian NES'!L14+'2026-Harian NPA'!L14+'2026-LPK MKS NPA'!L14+'2026-LPK MKM NPA'!L14+'2026-LPK DKP NPA '!L14+'2026-LPK CTPS NPA'!L14+'2026-LPK CDB NPA'!L14+'2026-OS CTPS NPA'!L14+'2026-OS CDB NPA'!L14 -> 13 | M14: =NPA!M14+NES!M14+'2026-PKL NPA'!M14+'2026- Harian NES'!M14+'2026-Harian NPA'!M14+'2026-LPK MKS NPA'!M14+'2026-LPK MKM NPA'!M14+'2026-LPK DKP NPA '!M14+'2026-LPK CTPS NPA'!M14+'2026-LPK CDB NPA'!M14+'2026-OS CTPS NPA'!M14+'2026-OS CDB NPA'!M14 -> 96233945 | N14: =L14/$L$24 -> 0.041800643 | O14: =M14/$M$24 -> 0.044373423 | P14: =NPA!P14+NES!P14+'2026-PKL NPA'!P14+'2026- Harian NES'!P14+'2026-Harian NPA'!P14+'2026-LPK MKS NPA'!P14+'2026-LPK MKM NPA'!P14+'2026-LPK DKP NPA '!P14+'2026-LPK CTPS NPA'!P14+'2026-LPK CDB NPA'!P14+'2026-OS CTPS NPA'!P14+'2026-OS CDB NPA'!P14 -> 0 | Q14: =NPA!Q14+NES!Q14+'2026-PKL NPA'!Q14+'2026- Harian NES'!Q14+'2026-Harian NPA'!Q14+'2026-LPK MKS NPA'!Q14+'2026-LPK MKM NPA'!Q14+'2026-LPK DKP NPA '!Q14+'2026-LPK CTPS NPA'!Q14+'2026-LPK CDB NPA'!Q14+'2026-OS CTPS NPA'!Q14+'2026-OS CDB NPA'!Q14 -> 0 | R14: =P14/$P$24 -> #DIV/0! | S14: =Q14/$Q$24 -> #DIV/0! | T14: =NPA!T14+NES!T14+'2026-PKL NPA'!T14+'2026- Harian NES'!T14+'2026-Harian NPA'!T14+'2026-LPK MKS NPA'!T14+'2026-LPK MKM NPA'!T14+'2026-LPK DKP NPA '!T14+'2026-LPK CTPS NPA'!T14+'2026-LPK CDB NPA'!T14+'2026-OS CTPS NPA'!T14+'2026-OS CDB NPA'!T14 -> 0 | U14: =NPA!U14+NES!U14+'2026-PKL NPA'!U14+'2026- Harian NES'!U14+'2026-Harian NPA'!U14+'2026-LPK MKS NPA'!U14+'2026-LPK MKM NPA'!U14+'2026-LPK DKP NPA '!U14+'2026-LPK CTPS NPA'!U14+'2026-LPK CDB NPA'!U14+'2026-OS CTPS NPA'!U14+'2026-OS CDB NPA'!U14 -> 0 | V14: =T14/$T$24 -> #DIV/0! | W14: =U14/$U$24 -> #DIV/0! | X14: =NPA!X14+NES!X14+'2026-PKL NPA'!X14+'2026- Harian NES'!X14+'2026-Harian NPA'!X14+'2026-LPK MKS NPA'!X14+'2026-LPK MKM NPA'!X14+'2026-LPK DKP NPA '!X14+'2026-LPK CTPS NPA'!X14+'2026-LPK CDB NPA'!X14+'2026-OS CTPS NPA'!X14+'2026-OS CDB NPA'!X14 -> 0 | Y14: =NPA!Y14+NES!Y14+'2026-PKL NPA'!Y14+'2026- Harian NES'!Y14+'2026-Harian NPA'!Y14+'2026-LPK MKS NPA'!Y14+'2026-LPK MKM NPA'!Y14+'2026-LPK DKP NPA '!Y14+'2026-LPK CTPS NPA'!Y14+'2026-LPK CDB NPA'!Y14+'2026-OS CTPS NPA'!Y14+'2026-OS CDB NPA'!Y14 -> 0 | Z14: =X14/$X$24 -> #DIV/0! | AA14: =Y14/$Y$24 -> #DIV/0! | AB14: =NPA!AB14+NES!AB14+'2026-PKL NPA'!AB14+'2026- Harian NES'!AB14+'2026-Harian NPA'!AB14+'2026-LPK MKS NPA'!AB14+'2026-LPK MKM NPA'!AB14+'2026-LPK DKP NPA '!AB14+'2026-LPK CTPS NPA'!AB14+'2026-LPK CDB NPA'!AB14+'2026-OS CTPS NPA'!AB14+'2026-OS CDB NPA'!AB14 -> 0 | AC14: =NPA!AC14+NES!AC14+'2026-PKL NPA'!AC14+'2026- Harian NES'!AC14+'2026-Harian NPA'!AC14+'2026-LPK MKS NPA'!AC14+'2026-LPK MKM NPA'!AC14+'2026-LPK DKP NPA '!AC14+'2026-LPK CTPS NPA'!AC14+'2026-LPK CDB NPA'!AC14+'2026-OS CTPS NPA'!AC14+'2026-OS CDB NPA'!AC14 -> 0 | AD14: =AB14/$AB$24 -> #DIV/0! | AE14: =AC14/$AC$24 -> #DIV/0! | AF14: =NPA!AF14+NES!AF14+'2026-PKL NPA'!AF14+'2026- Harian NES'!AF14+'2026-Harian NPA'!AF14+'2026-LPK MKS NPA'!AF14+'2026-LPK MKM NPA'!AF14+'2026-LPK DKP NPA '!AF14+'2026-LPK CTPS NPA'!AF14+'2026-LPK CDB NPA'!AF14+'2026-OS CTPS NPA'!AF14+'2026-OS CDB NPA'!AF14 -> 0 | AG14: =NPA!AG14+NES!AG14+'2026-PKL NPA'!AG14+'2026- Harian NES'!AG14+'2026-Harian NPA'!AG14+'2026-LPK MKS NPA'!AG14+'2026-LPK MKM NPA'!AG14+'2026-LPK DKP NPA '!AG14+'2026-LPK CTPS NPA'!AG14+'2026-LPK CDB NPA'!AG14+'2026-OS CTPS NPA'!AG14+'2026-OS CDB NPA'!AG14 -> 0 | AH14: =AF14/$AF$24 -> #DIV/0! | AI14: =AG14/$AG$24 -> #DIV/0! | AJ14: =NPA!AJ14+NES!AJ14+'2026-PKL NPA'!AJ14+'2026- Harian NES'!AJ14+'2026-Harian NPA'!AJ14+'2026-LPK MKS NPA'!AJ14+'2026-LPK MKM NPA'!AJ14+'2026-LPK DKP NPA '!AJ14+'2026-LPK CTPS NPA'!AJ14+'2026-LPK CDB NPA'!AJ14+'2026-OS CTPS NPA'!AJ14+'2026-OS CDB NPA'!AJ14 -> 0 | AK14: =NPA!AK14+NES!AK14+'2026-PKL NPA'!AK14+'2026- Harian NES'!AK14+'2026-Harian NPA'!AK14+'2026-LPK MKS NPA'!AK14+'2026-LPK MKM NPA'!AK14+'2026-LPK DKP NPA '!AK14+'2026-LPK CTPS NPA'!AK14+'2026-LPK CDB NPA'!AK14+'2026-OS CTPS NPA'!AK14+'2026-OS CDB NPA'!AK14 -> 0 | AL14: =AJ14/$AJ$24 -> #DIV/0! | AM14: =AK14/$AK$24 -> #DIV/0! | AN14: =NPA!AN14+NES!AN14+'2026-PKL NPA'!AN14+'2026- Harian NES'!AN14+'2026-Harian NPA'!AN14+'2026-LPK MKS NPA'!AN14+'2026-LPK MKM NPA'!AN14+'2026-LPK DKP NPA '!AN14+'2026-LPK CTPS NPA'!AN14+'2026-LPK CDB NPA'!AN14+'2026-OS CTPS NPA'!AN14+'2026-OS CDB NPA'!AN14 -> 0 | AO14: =NPA!AO14+NES!AO14+'2026-PKL NPA'!AO14+'2026- Harian NES'!AO14+'2026-Harian NPA'!AO14+'2026-LPK MKS NPA'!AO14+'2026-LPK MKM NPA'!AO14+'2026-LPK DKP NPA '!AO14+'2026-LPK CTPS NPA'!AO14+'2026-LPK CDB NPA'!AO14+'2026-OS CTPS NPA'!AO14+'2026-OS CDB NPA'!AO14 -> 0 | AP14: =AN14/$AN$24 -> #DIV/0! | AQ14: =AO14/$AO$24 -> #DIV/0! | AR14: =NPA!AR14+NES!AR14+'2026-PKL NPA'!AR14+'2026- Harian NES'!AR14+'2026-Harian NPA'!AR14+'2026-LPK MKS NPA'!AR14+'2026-LPK MKM NPA'!AR14+'2026-LPK DKP NPA '!AR14+'2026-LPK CTPS NPA'!AR14+'2026-LPK CDB NPA'!AR14+'2026-OS CTPS NPA'!AR14+'2026-OS CDB NPA'!AR14 -> 0 | AS14: =NPA!AS14+NES!AS14+'2026-PKL NPA'!AS14+'2026- Harian NES'!AS14+'2026-Harian NPA'!AS14+'2026-LPK MKS NPA'!AS14+'2026-LPK MKM NPA'!AS14+'2026-LPK DKP NPA '!AS14+'2026-LPK CTPS NPA'!AS14+'2026-LPK CDB NPA'!AS14+'2026-OS CTPS NPA'!AS14+'2026-OS CDB NPA'!AS14 -> 0 | AT14: =AR14/$AR$24 -> #DIV/0! | AU14: =AS14/$AS$24 -> #DIV/0! | AV14: =NPA!AV14+NES!AV14+'2026-PKL NPA'!AV14+'2026- Harian NES'!AV14+'2026-Harian NPA'!AV14+'2026-LPK MKS NPA'!AV14+'2026-LPK MKM NPA'!AV14+'2026-LPK DKP NPA '!AV14+'2026-LPK CTPS NPA'!AV14+'2026-LPK CDB NPA'!AV14+'2026-OS CTPS NPA'!AV14+'2026-OS CDB NPA'!AV14 -> 0 | AW14: =NPA!AW14+NES!AW14+'2026-PKL NPA'!AW14+'2026- Harian NES'!AW14+'2026-Harian NPA'!AW14+'2026-LPK MKS NPA'!AW14+'2026-LPK MKM NPA'!AW14+'2026-LPK DKP NPA '!AW14+'2026-LPK CTPS NPA'!AW14+'2026-LPK CDB NPA'!AW14+'2026-OS CTPS NPA'!AW14+'2026-OS CDB NPA'!AW14 -> 0 | AX14: =AV14/$AJ$24 -> #DIV/0! | AY14: =AW14/$AK$24 -> #DIV/0! | AZ14: =E14+I14+M14+Q14+U14+Y14+AC14+AG14+AK14+AO14+AS14+AW14 -> 310753971 | BA14: =AVERAGE(F14,J14,N14,R14,V14,Z14,AD14,AH14,AL14,AP14,AT14,AX14) -> #DIV/0! | BB14: =AVERAGE(G14,K14,O14,S14,W14,AA14,AE14,AI14,AM14,AQ14,AU14,AY14) -> #DIV/0! | BC14: =E14+I14+M14 -> 310753971 | BD14: =Q14+U14+Y14 -> 0 | BE14: =AC14+AG14+AK14 -> 0 | BF14: =AO14+AS14+AW14 -> 0
B15: =B14+1 -> 9 | C15: PPIC | D15: =NPA!D15+NES!D15+'2026-PKL NPA'!D15+'2026- Harian NES'!D15+'2026-Harian NPA'!D15+'2026-LPK MKS NPA'!D15+'2026-LPK MKM NPA'!D15+'2026-LPK DKP NPA '!D15+'2026-LPK CTPS NPA'!D15+'2026-LPK CDB NPA'!D15+'2026-OS CTPS NPA'!D15+'2026-OS CDB NPA'!D15 -> 5 | E15: =NPA!E15+NES!E15+'2026-PKL NPA'!E15+'2026- Harian NES'!E15+'2026-Harian NPA'!E15+'2026-LPK MKS NPA'!E15+'2026-LPK MKM NPA'!E15+'2026-LPK DKP NPA '!E15+'2026-LPK CTPS NPA'!E15+'2026-LPK CDB NPA'!E15+'2026-OS CTPS NPA'!E15+'2026-OS CDB NPA'!E15 -> 51796167 | F15: =D15/$D$24 -> 0.015384615 | G15: =E15/$E$24 -> 0.020737786 | H15: =NPA!H15+NES!H15+'2026-PKL NPA'!H15+'2026- Harian NES'!H15+'2026-Harian NPA'!H15+'2026-LPK MKS NPA'!H15+'2026-LPK MKM NPA'!H15+'2026-LPK DKP NPA '!H15+'2026-LPK CTPS NPA'!H15+'2026-LPK CDB NPA'!H15+'2026-OS CTPS NPA'!H15+'2026-OS CDB NPA'!H15 -> 6 | I15: =NPA!I15+NES!I15+'2026-PKL NPA'!I15+'2026- Harian NES'!I15+'2026-Harian NPA'!I15+'2026-LPK MKS NPA'!I15+'2026-LPK MKM NPA'!I15+'2026-LPK DKP NPA '!I15+'2026-LPK CTPS NPA'!I15+'2026-LPK CDB NPA'!I15+'2026-OS CTPS NPA'!I15+'2026-OS CDB NPA'!I15 -> 49724941 | J15: =H15/$H$24 -> 0.019292605 | K15: =I15/$I$24 -> 0.021358885 | L15: =NPA!L15+NES!L15+'2026-PKL NPA'!L15+'2026- Harian NES'!L15+'2026-Harian NPA'!L15+'2026-LPK MKS NPA'!L15+'2026-LPK MKM NPA'!L15+'2026-LPK DKP NPA '!L15+'2026-LPK CTPS NPA'!L15+'2026-LPK CDB NPA'!L15+'2026-OS CTPS NPA'!L15+'2026-OS CDB NPA'!L15 -> 6 | M15: =NPA!M15+NES!M15+'2026-PKL NPA'!M15+'2026- Harian NES'!M15+'2026-Harian NPA'!M15+'2026-LPK MKS NPA'!M15+'2026-LPK MKM NPA'!M15+'2026-LPK DKP NPA '!M15+'2026-LPK CTPS NPA'!M15+'2026-LPK CDB NPA'!M15+'2026-OS CTPS NPA'!M15+'2026-OS CDB NPA'!M15 -> 47324621 | N15: =L15/$L$24 -> 0.019292605 | O15: =M15/$M$24 -> 0.021821359 | P15: =NPA!P15+NES!P15+'2026-PKL NPA'!P15+'2026- Harian NES'!P15+'2026-Harian NPA'!P15+'2026-LPK MKS NPA'!P15+'2026-LPK MKM NPA'!P15+'2026-LPK DKP NPA '!P15+'2026-LPK CTPS NPA'!P15+'2026-LPK CDB NPA'!P15+'2026-OS CTPS NPA'!P15+'2026-OS CDB NPA'!P15 -> 0 | Q15: =NPA!Q15+NES!Q15+'2026-PKL NPA'!Q15+'2026- Harian NES'!Q15+'2026-Harian NPA'!Q15+'2026-LPK MKS NPA'!Q15+'2026-LPK MKM NPA'!Q15+'2026-LPK DKP NPA '!Q15+'2026-LPK CTPS NPA'!Q15+'2026-LPK CDB NPA'!Q15+'2026-OS CTPS NPA'!Q15+'2026-OS CDB NPA'!Q15 -> 0 | R15: =P15/$P$24 -> #DIV/0! | S15: =Q15/$Q$24 -> #DIV/0! | T15: =NPA!T15+NES!T15+'2026-PKL NPA'!T15+'2026- Harian NES'!T15+'2026-Harian NPA'!T15+'2026-LPK MKS NPA'!T15+'2026-LPK MKM NPA'!T15+'2026-LPK DKP NPA '!T15+'2026-LPK CTPS NPA'!T15+'2026-LPK CDB NPA'!T15+'2026-OS CTPS NPA'!T15+'2026-OS CDB NPA'!T15 -> 0 | U15: =NPA!U15+NES!U15+'2026-PKL NPA'!U15+'2026- Harian NES'!U15+'2026-Harian NPA'!U15+'2026-LPK MKS NPA'!U15+'2026-LPK MKM NPA'!U15+'2026-LPK DKP NPA '!U15+'2026-LPK CTPS NPA'!U15+'2026-LPK CDB NPA'!U15+'2026-OS CTPS NPA'!U15+'2026-OS CDB NPA'!U15 -> 0 | V15: =T15/$T$24 -> #DIV/0! | W15: =U15/$U$24 -> #DIV/0! | X15: =NPA!X15+NES!X15+'2026-PKL NPA'!X15+'2026- Harian NES'!X15+'2026-Harian NPA'!X15+'2026-LPK MKS NPA'!X15+'2026-LPK MKM NPA'!X15+'2026-LPK DKP NPA '!X15+'2026-LPK CTPS NPA'!X15+'2026-LPK CDB NPA'!X15+'2026-OS CTPS NPA'!X15+'2026-OS CDB NPA'!X15 -> 0 | Y15: =NPA!Y15+NES!Y15+'2026-PKL NPA'!Y15+'2026- Harian NES'!Y15+'2026-Harian NPA'!Y15+'2026-LPK MKS NPA'!Y15+'2026-LPK MKM NPA'!Y15+'2026-LPK DKP NPA '!Y15+'2026-LPK CTPS NPA'!Y15+'2026-LPK CDB NPA'!Y15+'2026-OS CTPS NPA'!Y15+'2026-OS CDB NPA'!Y15 -> 0 | Z15: =X15/$X$24 -> #DIV/0! | AA15: =Y15/$Y$24 -> #DIV/0! | AB15: =NPA!AB15+NES!AB15+'2026-PKL NPA'!AB15+'2026- Harian NES'!AB15+'2026-Harian NPA'!AB15+'2026-LPK MKS NPA'!AB15+'2026-LPK MKM NPA'!AB15+'2026-LPK DKP NPA '!AB15+'2026-LPK CTPS NPA'!AB15+'2026-LPK CDB NPA'!AB15+'2026-OS CTPS NPA'!AB15+'2026-OS CDB NPA'!AB15 -> 0 | AC15: =NPA!AC15+NES!AC15+'2026-PKL NPA'!AC15+'2026- Harian NES'!AC15+'2026-Harian NPA'!AC15+'2026-LPK MKS NPA'!AC15+'2026-LPK MKM NPA'!AC15+'2026-LPK DKP NPA '!AC15+'2026-LPK CTPS NPA'!AC15+'2026-LPK CDB NPA'!AC15+'2026-OS CTPS NPA'!AC15+'2026-OS CDB NPA'!AC15 -> 0 | AD15: =AB15/$AB$24 -> #DIV/0! | AE15: =AC15/$AC$24 -> #DIV/0! | AF15: =NPA!AF15+NES!AF15+'2026-PKL NPA'!AF15+'2026- Harian NES'!AF15+'2026-Harian NPA'!AF15+'2026-LPK MKS NPA'!AF15+'2026-LPK MKM NPA'!AF15+'2026-LPK DKP NPA '!AF15+'2026-LPK CTPS NPA'!AF15+'2026-LPK CDB NPA'!AF15+'2026-OS CTPS NPA'!AF15+'2026-OS CDB NPA'!AF15 -> 0 | AG15: =NPA!AG15+NES!AG15+'2026-PKL NPA'!AG15+'2026- Harian NES'!AG15+'2026-Harian NPA'!AG15+'2026-LPK MKS NPA'!AG15+'2026-LPK MKM NPA'!AG15+'2026-LPK DKP NPA '!AG15+'2026-LPK CTPS NPA'!AG15+'2026-LPK CDB NPA'!AG15+'2026-OS CTPS NPA'!AG15+'2026-OS CDB NPA'!AG15 -> 0 | AH15: =AF15/$AF$24 -> #DIV/0! | AI15: =AG15/$AG$24 -> #DIV/0! | AJ15: =NPA!AJ15+NES!AJ15+'2026-PKL NPA'!AJ15+'2026- Harian NES'!AJ15+'2026-Harian NPA'!AJ15+'2026-LPK MKS NPA'!AJ15+'2026-LPK MKM NPA'!AJ15+'2026-LPK DKP NPA '!AJ15+'2026-LPK CTPS NPA'!AJ15+'2026-LPK CDB NPA'!AJ15+'2026-OS CTPS NPA'!AJ15+'2026-OS CDB NPA'!AJ15 -> 0 | AK15: =NPA!AK15+NES!AK15+'2026-PKL NPA'!AK15+'2026- Harian NES'!AK15+'2026-Harian NPA'!AK15+'2026-LPK MKS NPA'!AK15+'2026-LPK MKM NPA'!AK15+'2026-LPK DKP NPA '!AK15+'2026-LPK CTPS NPA'!AK15+'2026-LPK CDB NPA'!AK15+'2026-OS CTPS NPA'!AK15+'2026-OS CDB NPA'!AK15 -> 0 | AL15: =AJ15/$AJ$24 -> #DIV/0! | AM15: =AK15/$AK$24 -> #DIV/0! | AN15: =NPA!AN15+NES!AN15+'2026-PKL NPA'!AN15+'2026- Harian NES'!AN15+'2026-Harian NPA'!AN15+'2026-LPK MKS NPA'!AN15+'2026-LPK MKM NPA'!AN15+'2026-LPK DKP NPA '!AN15+'2026-LPK CTPS NPA'!AN15+'2026-LPK CDB NPA'!AN15+'2026-OS CTPS NPA'!AN15+'2026-OS CDB NPA'!AN15 -> 0 | AO15: =NPA!AO15+NES!AO15+'2026-PKL NPA'!AO15+'2026- Harian NES'!AO15+'2026-Harian NPA'!AO15+'2026-LPK MKS NPA'!AO15+'2026-LPK MKM NPA'!AO15+'2026-LPK DKP NPA '!AO15+'2026-LPK CTPS NPA'!AO15+'2026-LPK CDB NPA'!AO15+'2026-OS CTPS NPA'!AO15+'2026-OS CDB NPA'!AO15 -> 0 | AP15: =AN15/$AN$24 -> #DIV/0! | AQ15: =AO15/$AO$24 -> #DIV/0! | AR15: =NPA!AR15+NES!AR15+'2026-PKL NPA'!AR15+'2026- Harian NES'!AR15+'2026-Harian NPA'!AR15+'2026-LPK MKS NPA'!AR15+'2026-LPK MKM NPA'!AR15+'2026-LPK DKP NPA '!AR15+'2026-LPK CTPS NPA'!AR15+'2026-LPK CDB NPA'!AR15+'2026-OS CTPS NPA'!AR15+'2026-OS CDB NPA'!AR15 -> 0 | AS15: =NPA!AS15+NES!AS15+'2026-PKL NPA'!AS15+'2026- Harian NES'!AS15+'2026-Harian NPA'!AS15+'2026-LPK MKS NPA'!AS15+'2026-LPK MKM NPA'!AS15+'2026-LPK DKP NPA '!AS15+'2026-LPK CTPS NPA'!AS15+'2026-LPK CDB NPA'!AS15+'2026-OS CTPS NPA'!AS15+'2026-OS CDB NPA'!AS15 -> 0 | AT15: =AR15/$AR$24 -> #DIV/0! | AU15: =AS15/$AS$24 -> #DIV/0! | AV15: =NPA!AV15+NES!AV15+'2026-PKL NPA'!AV15+'2026- Harian NES'!AV15+'2026-Harian NPA'!AV15+'2026-LPK MKS NPA'!AV15+'2026-LPK MKM NPA'!AV15+'2026-LPK DKP NPA '!AV15+'2026-LPK CTPS NPA'!AV15+'2026-LPK CDB NPA'!AV15+'2026-OS CTPS NPA'!AV15+'2026-OS CDB NPA'!AV15 -> 0 | AW15: =NPA!AW15+NES!AW15+'2026-PKL NPA'!AW15+'2026- Harian NES'!AW15+'2026-Harian NPA'!AW15+'2026-LPK MKS NPA'!AW15+'2026-LPK MKM NPA'!AW15+'2026-LPK DKP NPA '!AW15+'2026-LPK CTPS NPA'!AW15+'2026-LPK CDB NPA'!AW15+'2026-OS CTPS NPA'!AW15+'2026-OS CDB NPA'!AW15 -> 0 | AX15: =AV15/$AJ$24 -> #DIV/0! | AY15: =AW15/$AK$24 -> #DIV/0! | AZ15: =E15+I15+M15+Q15+U15+Y15+AC15+AG15+AK15+AO15+AS15+AW15 -> 148845729 | BA15: =AVERAGE(F15,J15,N15,R15,V15,Z15,AD15,AH15,AL15,AP15,AT15,AX15) -> #DIV/0! | BB15: =AVERAGE(G15,K15,O15,S15,W15,AA15,AE15,AI15,AM15,AQ15,AU15,AY15) -> #DIV/0! | BC15: =E15+I15+M15 -> 148845729 | BD15: =Q15+U15+Y15 -> 0 | BE15: =AC15+AG15+AK15 -> 0 | BF15: =AO15+AS15+AW15 -> 0
B16: =B15+1 -> 10 | C16: Produksi Cable Tray & Pole | D16: =NPA!D16+NES!D16+'2026-PKL NPA'!D16+'2026- Harian NES'!D16+'2026-Harian NPA'!D16+'2026-LPK MKS NPA'!D16+'2026-LPK MKM NPA'!D16+'2026-LPK DKP NPA '!D16+'2026-LPK CTPS NPA'!D16+'2026-LPK CDB NPA'!D16+'2026-OS CTPS NPA'!D16+'2026-OS CDB NPA'!D16 -> 74 | E16: =NPA!E16+NES!E16+'2026-PKL NPA'!E16+'2026- Harian NES'!E16+'2026-Harian NPA'!E16+'2026-LPK MKS NPA'!E16+'2026-LPK MKM NPA'!E16+'2026-LPK DKP NPA '!E16+'2026-LPK CTPS NPA'!E16+'2026-LPK CDB NPA'!E16+'2026-OS CTPS NPA'!E16+'2026-OS CDB NPA'!E16 -> 501242825 | F16: =D16/$D$24 -> 0.22769231 | G16: =E16/$E$24 -> 0.20068409 | H16: =NPA!H16+NES!H16+'2026-PKL NPA'!H16+'2026- Harian NES'!H16+'2026-Harian NPA'!H16+'2026-LPK MKS NPA'!H16+'2026-LPK MKM NPA'!H16+'2026-LPK DKP NPA '!H16+'2026-LPK CTPS NPA'!H16+'2026-LPK CDB NPA'!H16+'2026-OS CTPS NPA'!H16+'2026-OS CDB NPA'!H16 -> 71 | I16: =NPA!I16+NES!I16+'2026-PKL NPA'!I16+'2026- Harian NES'!I16+'2026-Harian NPA'!I16+'2026-LPK MKS NPA'!I16+'2026-LPK MKM NPA'!I16+'2026-LPK DKP NPA '!I16+'2026-LPK CTPS NPA'!I16+'2026-LPK CDB NPA'!I16+'2026-OS CTPS NPA'!I16+'2026-OS CDB NPA'!I16 -> 472758217 | J16: =H16/$H$24 -> 0.22829582 | K16: =I16/$I$24 -> 0.20306888 | L16: =NPA!L16+NES!L16+'2026-PKL NPA'!L16+'2026- Harian NES'!L16+'2026-Harian NPA'!L16+'2026-LPK MKS NPA'!L16+'2026-LPK MKM NPA'!L16+'2026-LPK DKP NPA '!L16+'2026-LPK CTPS NPA'!L16+'2026-LPK CDB NPA'!L16+'2026-OS CTPS NPA'!L16+'2026-OS CDB NPA'!L16 -> 71 | M16: =NPA!M16+NES!M16+'2026-PKL NPA'!M16+'2026- Harian NES'!M16+'2026-Harian NPA'!M16+'2026-LPK MKS NPA'!M16+'2026-LPK MKM NPA'!M16+'2026-LPK DKP NPA '!M16+'2026-LPK CTPS NPA'!M16+'2026-LPK CDB NPA'!M16+'2026-OS CTPS NPA'!M16+'2026-OS CDB NPA'!M16 -> 414857313 | N16: =L16/$L$24 -> 0.22829582 | O16: =M16/$M$24 -> 0.1912905 | P16: =NPA!P16+NES!P16+'2026-PKL NPA'!P16+'2026- Harian NES'!P16+'2026-Harian NPA'!P16+'2026-LPK MKS NPA'!P16+'2026-LPK MKM NPA'!P16+'2026-LPK DKP NPA '!P16+'2026-LPK CTPS NPA'!P16+'2026-LPK CDB NPA'!P16+'2026-OS CTPS NPA'!P16+'2026-OS CDB NPA'!P16 -> 0 | Q16: =NPA!Q16+NES!Q16+'2026-PKL NPA'!Q16+'2026- Harian NES'!Q16+'2026-Harian NPA'!Q16+'2026-LPK MKS NPA'!Q16+'2026-LPK MKM NPA'!Q16+'2026-LPK DKP NPA '!Q16+'2026-LPK CTPS NPA'!Q16+'2026-LPK CDB NPA'!Q16+'2026-OS CTPS NPA'!Q16+'2026-OS CDB NPA'!Q16 -> 0 | R16: =P16/$P$24 -> #DIV/0! | S16: =Q16/$Q$24 -> #DIV/0! | T16: =NPA!T16+NES!T16+'2026-PKL NPA'!T16+'2026- Harian NES'!T16+'2026-Harian NPA'!T16+'2026-LPK MKS NPA'!T16+'2026-LPK MKM NPA'!T16+'2026-LPK DKP NPA '!T16+'2026-LPK CTPS NPA'!T16+'2026-LPK CDB NPA'!T16+'2026-OS CTPS NPA'!T16+'2026-OS CDB NPA'!T16 -> 0 | U16: =NPA!U16+NES!U16+'2026-PKL NPA'!U16+'2026- Harian NES'!U16+'2026-Harian NPA'!U16+'2026-LPK MKS NPA'!U16+'2026-LPK MKM NPA'!U16+'2026-LPK DKP NPA '!U16+'2026-LPK CTPS NPA'!U16+'2026-LPK CDB NPA'!U16+'2026-OS CTPS NPA'!U16+'2026-OS CDB NPA'!U16 -> 0 | V16: =T16/$T$24 -> #DIV/0! | W16: =U16/$U$24 -> #DIV/0! | X16: =NPA!X16+NES!X16+'2026-PKL NPA'!X16+'2026- Harian NES'!X16+'2026-Harian NPA'!X16+'2026-LPK MKS NPA'!X16+'2026-LPK MKM NPA'!X16+'2026-LPK DKP NPA '!X16+'2026-LPK CTPS NPA'!X16+'2026-LPK CDB NPA'!X16+'2026-OS CTPS NPA'!X16+'2026-OS CDB NPA'!X16 -> 0 | Y16: =NPA!Y16+NES!Y16+'2026-PKL NPA'!Y16+'2026- Harian NES'!Y16+'2026-Harian NPA'!Y16+'2026-LPK MKS NPA'!Y16+'2026-LPK MKM NPA'!Y16+'2026-LPK DKP NPA '!Y16+'2026-LPK CTPS NPA'!Y16+'2026-LPK CDB NPA'!Y16+'2026-OS CTPS NPA'!Y16+'2026-OS CDB NPA'!Y16 -> 0 | Z16: =X16/$X$24 -> #DIV/0! | AA16: =Y16/$Y$24 -> #DIV/0! | AB16: =NPA!AB16+NES!AB16+'2026-PKL NPA'!AB16+'2026- Harian NES'!AB16+'2026-Harian NPA'!AB16+'2026-LPK MKS NPA'!AB16+'2026-LPK MKM NPA'!AB16+'2026-LPK DKP NPA '!AB16+'2026-LPK CTPS NPA'!AB16+'2026-LPK CDB NPA'!AB16+'2026-OS CTPS NPA'!AB16+'2026-OS CDB NPA'!AB16 -> 0 | AC16: =NPA!AC16+NES!AC16+'2026-PKL NPA'!AC16+'2026- Harian NES'!AC16+'2026-Harian NPA'!AC16+'2026-LPK MKS NPA'!AC16+'2026-LPK MKM NPA'!AC16+'2026-LPK DKP NPA '!AC16+'2026-LPK CTPS NPA'!AC16+'2026-LPK CDB NPA'!AC16+'2026-OS CTPS NPA'!AC16+'2026-OS CDB NPA'!AC16 -> 0 | AD16: =AB16/$AB$24 -> #DIV/0! | AE16: =AC16/$AC$24 -> #DIV/0! | AF16: =NPA!AF16+NES!AF16+'2026-PKL NPA'!AF16+'2026- Harian NES'!AF16+'2026-Harian NPA'!AF16+'2026-LPK MKS NPA'!AF16+'2026-LPK MKM NPA'!AF16+'2026-LPK DKP NPA '!AF16+'2026-LPK CTPS NPA'!AF16+'2026-LPK CDB NPA'!AF16+'2026-OS CTPS NPA'!AF16+'2026-OS CDB NPA'!AF16 -> 0 | AG16: =NPA!AG16+NES!AG16+'2026-PKL NPA'!AG16+'2026- Harian NES'!AG16+'2026-Harian NPA'!AG16+'2026-LPK MKS NPA'!AG16+'2026-LPK MKM NPA'!AG16+'2026-LPK DKP NPA '!AG16+'2026-LPK CTPS NPA'!AG16+'2026-LPK CDB NPA'!AG16+'2026-OS CTPS NPA'!AG16+'2026-OS CDB NPA'!AG16 -> 0 | AH16: =AF16/$AF$24 -> #DIV/0! | AI16: =AG16/$AG$24 -> #DIV/0! | AJ16: =NPA!AJ16+NES!AJ16+'2026-PKL NPA'!AJ16+'2026- Harian NES'!AJ16+'2026-Harian NPA'!AJ16+'2026-LPK MKS NPA'!AJ16+'2026-LPK MKM NPA'!AJ16+'2026-LPK DKP NPA '!AJ16+'2026-LPK CTPS NPA'!AJ16+'2026-LPK CDB NPA'!AJ16+'2026-OS CTPS NPA'!AJ16+'2026-OS CDB NPA'!AJ16 -> 0 | AK16: =NPA!AK16+NES!AK16+'2026-PKL NPA'!AK16+'2026- Harian NES'!AK16+'2026-Harian NPA'!AK16+'2026-LPK MKS NPA'!AK16+'2026-LPK MKM NPA'!AK16+'2026-LPK DKP NPA '!AK16+'2026-LPK CTPS NPA'!AK16+'2026-LPK CDB NPA'!AK16+'2026-OS CTPS NPA'!AK16+'2026-OS CDB NPA'!AK16 -> 0 | AL16: =AJ16/$AJ$24 -> #DIV/0! | AM16: =AK16/$AK$24 -> #DIV/0! | AN16: =NPA!AN16+NES!AN16+'2026-PKL NPA'!AN16+'2026- Harian NES'!AN16+'2026-Harian NPA'!AN16+'2026-LPK MKS NPA'!AN16+'2026-LPK MKM NPA'!AN16+'2026-LPK DKP NPA '!AN16+'2026-LPK CTPS NPA'!AN16+'2026-LPK CDB NPA'!AN16+'2026-OS CTPS NPA'!AN16+'2026-OS CDB NPA'!AN16 -> 0 | AO16: =NPA!AO16+NES!AO16+'2026-PKL NPA'!AO16+'2026- Harian NES'!AO16+'2026-Harian NPA'!AO16+'2026-LPK MKS NPA'!AO16+'2026-LPK MKM NPA'!AO16+'2026-LPK DKP NPA '!AO16+'2026-LPK CTPS NPA'!AO16+'2026-LPK CDB NPA'!AO16+'2026-OS CTPS NPA'!AO16+'2026-OS CDB NPA'!AO16 -> 0 | AP16: =AN16/$AN$24 -> #DIV/0! | AQ16: =AO16/$AO$24 -> #DIV/0! | AR16: =NPA!AR16+NES!AR16+'2026-PKL NPA'!AR16+'2026- Harian NES'!AR16+'2026-Harian NPA'!AR16+'2026-LPK MKS NPA'!AR16+'2026-LPK MKM NPA'!AR16+'2026-LPK DKP NPA '!AR16+'2026-LPK CTPS NPA'!AR16+'2026-LPK CDB NPA'!AR16+'2026-OS CTPS NPA'!AR16+'2026-OS CDB NPA'!AR16 -> 0 | AS16: =NPA!AS16+NES!AS16+'2026-PKL NPA'!AS16+'2026- Harian NES'!AS16+'2026-Harian NPA'!AS16+'2026-LPK MKS NPA'!AS16+'2026-LPK MKM NPA'!AS16+'2026-LPK DKP NPA '!AS16+'2026-LPK CTPS NPA'!AS16+'2026-LPK CDB NPA'!AS16+'2026-OS CTPS NPA'!AS16+'2026-OS CDB NPA'!AS16 -> 0 | AT16: =AR16/$AR$24 -> #DIV/0! | AU16: =AS16/$AS$24 -> #DIV/0! | AV16: =NPA!AV16+NES!AV16+'2026-PKL NPA'!AV16+'2026- Harian NES'!AV16+'2026-Harian NPA'!AV16+'2026-LPK MKS NPA'!AV16+'2026-LPK MKM NPA'!AV16+'2026-LPK DKP NPA '!AV16+'2026-LPK CTPS NPA'!AV16+'2026-LPK CDB NPA'!AV16+'2026-OS CTPS NPA'!AV16+'2026-OS CDB NPA'!AV16 -> 0 | AW16: =NPA!AW16+NES!AW16+'2026-PKL NPA'!AW16+'2026- Harian NES'!AW16+'2026-Harian NPA'!AW16+'2026-LPK MKS NPA'!AW16+'2026-LPK MKM NPA'!AW16+'2026-LPK DKP NPA '!AW16+'2026-LPK CTPS NPA'!AW16+'2026-LPK CDB NPA'!AW16+'2026-OS CTPS NPA'!AW16+'2026-OS CDB NPA'!AW16 -> 0 | AX16: =AV16/$AJ$24 -> #DIV/0! | AY16: =AW16/$AK$24 -> #DIV/0! | AZ16: =E16+I16+M16+Q16+U16+Y16+AC16+AG16+AK16+AO16+AS16+AW16 -> 1388858355 | BA16: =AVERAGE(F16,J16,N16,R16,V16,Z16,AD16,AH16,AL16,AP16,AT16,AX16) -> #DIV/0! | BB16: =AVERAGE(G16,K16,O16,S16,W16,AA16,AE16,AI16,AM16,AQ16,AU16,AY16) -> #DIV/0! | BC16: =E16+I16+M16 -> 1388858355 | BD16: =Q16+U16+Y16 -> 0 | BE16: =AC16+AG16+AK16 -> 0 | BF16: =AO16+AS16+AW16 -> 0
B17: =B16+1 -> 11 | C17: Produksi Panel | D17: =NPA!D17+NES!D17+'2026-PKL NPA'!D17+'2026- Harian NES'!D17+'2026-Harian NPA'!D17+'2026-LPK MKS NPA'!D17+'2026-LPK MKM NPA'!D17+'2026-LPK DKP NPA '!D17+'2026-LPK CTPS NPA'!D17+'2026-LPK CDB NPA'!D17+'2026-OS CTPS NPA'!D17+'2026-OS CDB NPA'!D17 -> 93 | E17: =NPA!E17+NES!E17+'2026-PKL NPA'!E17+'2026- Harian NES'!E17+'2026-Harian NPA'!E17+'2026-LPK MKS NPA'!E17+'2026-LPK MKM NPA'!E17+'2026-LPK DKP NPA '!E17+'2026-LPK CTPS NPA'!E17+'2026-LPK CDB NPA'!E17+'2026-OS CTPS NPA'!E17+'2026-OS CDB NPA'!E17 -> 482109017 | F17: =D17/$D$24 -> 0.28615385 | G17: =E17/$E$24 -> 0.19302343 | H17: =NPA!H17+NES!H17+'2026-PKL NPA'!H17+'2026- Harian NES'!H17+'2026-Harian NPA'!H17+'2026-LPK MKS NPA'!H17+'2026-LPK MKM NPA'!H17+'2026-LPK DKP NPA '!H17+'2026-LPK CTPS NPA'!H17+'2026-LPK CDB NPA'!H17+'2026-OS CTPS NPA'!H17+'2026-OS CDB NPA'!H17 -> 85 | I17: =NPA!I17+NES!I17+'2026-PKL NPA'!I17+'2026- Harian NES'!I17+'2026-Harian NPA'!I17+'2026-LPK MKS NPA'!I17+'2026-LPK MKM NPA'!I17+'2026-LPK DKP NPA '!I17+'2026-LPK CTPS NPA'!I17+'2026-LPK CDB NPA'!I17+'2026-OS CTPS NPA'!I17+'2026-OS CDB NPA'!I17 -> 464828372 | J17: =H17/$H$24 -> 0.2733119 | K17: =I17/$I$24 -> 0.19966269 | L17: =NPA!L17+NES!L17+'2026-PKL NPA'!L17+'2026- Harian NES'!L17+'2026-Harian NPA'!L17+'2026-LPK MKS NPA'!L17+'2026-LPK MKM NPA'!L17+'2026-LPK DKP NPA '!L17+'2026-LPK CTPS NPA'!L17+'2026-LPK CDB NPA'!L17+'2026-OS CTPS NPA'!L17+'2026-OS CDB NPA'!L17 -> 85 | M17: =NPA!M17+NES!M17+'2026-PKL NPA'!M17+'2026- Harian NES'!M17+'2026-Harian NPA'!M17+'2026-LPK MKS NPA'!M17+'2026-LPK MKM NPA'!M17+'2026-LPK DKP NPA '!M17+'2026-LPK CTPS NPA'!M17+'2026-LPK CDB NPA'!M17+'2026-OS CTPS NPA'!M17+'2026-OS CDB NPA'!M17 -> 403977030 | N17: =L17/$L$24 -> 0.2733119 | O17: =M17/$M$24 -> 0.1862736 | P17: =NPA!P17+NES!P17+'2026-PKL NPA'!P17+'2026- Harian NES'!P17+'2026-Harian NPA'!P17+'2026-LPK MKS NPA'!P17+'2026-LPK MKM NPA'!P17+'2026-LPK DKP NPA '!P17+'2026-LPK CTPS NPA'!P17+'2026-LPK CDB NPA'!P17+'2026-OS CTPS NPA'!P17+'2026-OS CDB NPA'!P17 -> 0 | Q17: =NPA!Q17+NES!Q17+'2026-PKL NPA'!Q17+'2026- Harian NES'!Q17+'2026-Harian NPA'!Q17+'2026-LPK MKS NPA'!Q17+'2026-LPK MKM NPA'!Q17+'2026-LPK DKP NPA '!Q17+'2026-LPK CTPS NPA'!Q17+'2026-LPK CDB NPA'!Q17+'2026-OS CTPS NPA'!Q17+'2026-OS CDB NPA'!Q17 -> 0 | R17: =P17/$P$24 -> #DIV/0! | S17: =Q17/$Q$24 -> #DIV/0! | T17: =NPA!T17+NES!T17+'2026-PKL NPA'!T17+'2026- Harian NES'!T17+'2026-Harian NPA'!T17+'2026-LPK MKS NPA'!T17+'2026-LPK MKM NPA'!T17+'2026-LPK DKP NPA '!T17+'2026-LPK CTPS NPA'!T17+'2026-LPK CDB NPA'!T17+'2026-OS CTPS NPA'!T17+'2026-OS CDB NPA'!T17 -> 0 | U17: =NPA!U17+NES!U17+'2026-PKL NPA'!U17+'2026- Harian NES'!U17+'2026-Harian NPA'!U17+'2026-LPK MKS NPA'!U17+'2026-LPK MKM NPA'!U17+'2026-LPK DKP NPA '!U17+'2026-LPK CTPS NPA'!U17+'2026-LPK CDB NPA'!U17+'2026-OS CTPS NPA'!U17+'2026-OS CDB NPA'!U17 -> 0 | V17: =T17/$T$24 -> #DIV/0! | W17: =U17/$U$24 -> #DIV/0! | X17: =NPA!X17+NES!X17+'2026-PKL NPA'!X17+'2026- Harian NES'!X17+'2026-Harian NPA'!X17+'2026-LPK MKS NPA'!X17+'2026-LPK MKM NPA'!X17+'2026-LPK DKP NPA '!X17+'2026-LPK CTPS NPA'!X17+'2026-LPK CDB NPA'!X17+'2026-OS CTPS NPA'!X17+'2026-OS CDB NPA'!X17 -> 0 | Y17: =NPA!Y17+NES!Y17+'2026-PKL NPA'!Y17+'2026- Harian NES'!Y17+'2026-Harian NPA'!Y17+'2026-LPK MKS NPA'!Y17+'2026-LPK MKM NPA'!Y17+'2026-LPK DKP NPA '!Y17+'2026-LPK CTPS NPA'!Y17+'2026-LPK CDB NPA'!Y17+'2026-OS CTPS NPA'!Y17+'2026-OS CDB NPA'!Y17 -> 0 | Z17: =X17/$X$24 -> #DIV/0! | AA17: =Y17/$Y$24 -> #DIV/0! | AB17: =NPA!AB17+NES!AB17+'2026-PKL NPA'!AB17+'2026- Harian NES'!AB17+'2026-Harian NPA'!AB17+'2026-LPK MKS NPA'!AB17+'2026-LPK MKM NPA'!AB17+'2026-LPK DKP NPA '!AB17+'2026-LPK CTPS NPA'!AB17+'2026-LPK CDB NPA'!AB17+'2026-OS CTPS NPA'!AB17+'2026-OS CDB NPA'!AB17 -> 0 | AC17: =NPA!AC17+NES!AC17+'2026-PKL NPA'!AC17+'2026- Harian NES'!AC17+'2026-Harian NPA'!AC17+'2026-LPK MKS NPA'!AC17+'2026-LPK MKM NPA'!AC17+'2026-LPK DKP NPA '!AC17+'2026-LPK CTPS NPA'!AC17+'2026-LPK CDB NPA'!AC17+'2026-OS CTPS NPA'!AC17+'2026-OS CDB NPA'!AC17 -> 0 | AD17: =AB17/$AB$24 -> #DIV/0! | AE17: =AC17/$AC$24 -> #DIV/0! | AF17: =NPA!AF17+NES!AF17+'2026-PKL NPA'!AF17+'2026- Harian NES'!AF17+'2026-Harian NPA'!AF17+'2026-LPK MKS NPA'!AF17+'2026-LPK MKM NPA'!AF17+'2026-LPK DKP NPA '!AF17+'2026-LPK CTPS NPA'!AF17+'2026-LPK CDB NPA'!AF17+'2026-OS CTPS NPA'!AF17+'2026-OS CDB NPA'!AF17 -> 0 | AG17: =NPA!AG17+NES!AG17+'2026-PKL NPA'!AG17+'2026- Harian NES'!AG17+'2026-Harian NPA'!AG17+'2026-LPK MKS NPA'!AG17+'2026-LPK MKM NPA'!AG17+'2026-LPK DKP NPA '!AG17+'2026-LPK CTPS NPA'!AG17+'2026-LPK CDB NPA'!AG17+'2026-OS CTPS NPA'!AG17+'2026-OS CDB NPA'!AG17 -> 0 | AH17: =AF17/$AF$24 -> #DIV/0! | AI17: =AG17/$AG$24 -> #DIV/0! | AJ17: =NPA!AJ17+NES!AJ17+'2026-PKL NPA'!AJ17+'2026- Harian NES'!AJ17+'2026-Harian NPA'!AJ17+'2026-LPK MKS NPA'!AJ17+'2026-LPK MKM NPA'!AJ17+'2026-LPK DKP NPA '!AJ17+'2026-LPK CTPS NPA'!AJ17+'2026-LPK CDB NPA'!AJ17+'2026-OS CTPS NPA'!AJ17+'2026-OS CDB NPA'!AJ17 -> 0 | AK17: =NPA!AK17+NES!AK17+'2026-PKL NPA'!AK17+'2026- Harian NES'!AK17+'2026-Harian NPA'!AK17+'2026-LPK MKS NPA'!AK17+'2026-LPK MKM NPA'!AK17+'2026-LPK DKP NPA '!AK17+'2026-LPK CTPS NPA'!AK17+'2026-LPK CDB NPA'!AK17+'2026-OS CTPS NPA'!AK17+'2026-OS CDB NPA'!AK17 -> 0 | AL17: =AJ17/$AJ$24 -> #DIV/0! | AM17: =AK17/$AK$24 -> #DIV/0! | AN17: =NPA!AN17+NES!AN17+'2026-PKL NPA'!AN17+'2026- Harian NES'!AN17+'2026-Harian NPA'!AN17+'2026-LPK MKS NPA'!AN17+'2026-LPK MKM NPA'!AN17+'2026-LPK DKP NPA '!AN17+'2026-LPK CTPS NPA'!AN17+'2026-LPK CDB NPA'!AN17+'2026-OS CTPS NPA'!AN17+'2026-OS CDB NPA'!AN17 -> 0 | AO17: =NPA!AO17+NES!AO17+'2026-PKL NPA'!AO17+'2026- Harian NES'!AO17+'2026-Harian NPA'!AO17+'2026-LPK MKS NPA'!AO17+'2026-LPK MKM NPA'!AO17+'2026-LPK DKP NPA '!AO17+'2026-LPK CTPS NPA'!AO17+'2026-LPK CDB NPA'!AO17+'2026-OS CTPS NPA'!AO17+'2026-OS CDB NPA'!AO17 -> 0 | AP17: =AN17/$AN$24 -> #DIV/0! | AQ17: =AO17/$AO$24 -> #DIV/0! | AR17: =NPA!AR17+NES!AR17+'2026-PKL NPA'!AR17+'2026- Harian NES'!AR17+'2026-Harian NPA'!AR17+'2026-LPK MKS NPA'!AR17+'2026-LPK MKM NPA'!AR17+'2026-LPK DKP NPA '!AR17+'2026-LPK CTPS NPA'!AR17+'2026-LPK CDB NPA'!AR17+'2026-OS CTPS NPA'!AR17+'2026-OS CDB NPA'!AR17 -> 0 | AS17: =NPA!AS17+NES!AS17+'2026-PKL NPA'!AS17+'2026- Harian NES'!AS17+'2026-Harian NPA'!AS17+'2026-LPK MKS NPA'!AS17+'2026-LPK MKM NPA'!AS17+'2026-LPK DKP NPA '!AS17+'2026-LPK CTPS NPA'!AS17+'2026-LPK CDB NPA'!AS17+'2026-OS CTPS NPA'!AS17+'2026-OS CDB NPA'!AS17 -> 0 | AT17: =AR17/$AR$24 -> #DIV/0! | AU17: =AS17/$AS$24 -> #DIV/0! | AV17: =NPA!AV17+NES!AV17+'2026-PKL NPA'!AV17+'2026- Harian NES'!AV17+'2026-Harian NPA'!AV17+'2026-LPK MKS NPA'!AV17+'2026-LPK MKM NPA'!AV17+'2026-LPK DKP NPA '!AV17+'2026-LPK CTPS NPA'!AV17+'2026-LPK CDB NPA'!AV17+'2026-OS CTPS NPA'!AV17+'2026-OS CDB NPA'!AV17 -> 0 | AW17: =NPA!AW17+NES!AW17+'2026-PKL NPA'!AW17+'2026- Harian NES'!AW17+'2026-Harian NPA'!AW17+'2026-LPK MKS NPA'!AW17+'2026-LPK MKM NPA'!AW17+'2026-LPK DKP NPA '!AW17+'2026-LPK CTPS NPA'!AW17+'2026-LPK CDB NPA'!AW17+'2026-OS CTPS NPA'!AW17+'2026-OS CDB NPA'!AW17 -> 0 | AX17: =AV17/$AJ$24 -> #DIV/0! | AY17: =AW17/$AK$24 -> #DIV/0! | AZ17: =E17+I17+M17+Q17+U17+Y17+AC17+AG17+AK17+AO17+AS17+AW17 -> 1350914419 | BA17: =AVERAGE(F17,J17,N17,R17,V17,Z17,AD17,AH17,AL17,AP17,AT17,AX17) -> #DIV/0! | BB17: =AVERAGE(G17,K17,O17,S17,W17,AA17,AE17,AI17,AM17,AQ17,AU17,AY17) -> #DIV/0! | BC17: =E17+I17+M17 -> 1350914419 | BD17: =Q17+U17+Y17 -> 0 | BE17: =AC17+AG17+AK17 -> 0 | BF17: =AO17+AS17+AW17 -> 0
B18: =B17+1 -> 12 | C18: Maintenance | D18: =NPA!D18+NES!D18+'2026-PKL NPA'!D18+'2026- Harian NES'!D18+'2026-Harian NPA'!D18+'2026-LPK MKS NPA'!D18+'2026-LPK MKM NPA'!D18+'2026-LPK DKP NPA '!D18+'2026-LPK CTPS NPA'!D18+'2026-LPK CDB NPA'!D18+'2026-OS CTPS NPA'!D18+'2026-OS CDB NPA'!D18 -> 9 | E18: =NPA!E18+NES!E18+'2026-PKL NPA'!E18+'2026- Harian NES'!E18+'2026-Harian NPA'!E18+'2026-LPK MKS NPA'!E18+'2026-LPK MKM NPA'!E18+'2026-LPK DKP NPA '!E18+'2026-LPK CTPS NPA'!E18+'2026-LPK CDB NPA'!E18+'2026-OS CTPS NPA'!E18+'2026-OS CDB NPA'!E18 -> 52807937 | F18: =D18/$D$24 -> 0.027692308 | G18: =E18/$E$24 -> 0.021142872 | H18: =NPA!H18+NES!H18+'2026-PKL NPA'!H18+'2026- Harian NES'!H18+'2026-Harian NPA'!H18+'2026-LPK MKS NPA'!H18+'2026-LPK MKM NPA'!H18+'2026-LPK DKP NPA '!H18+'2026-LPK CTPS NPA'!H18+'2026-LPK CDB NPA'!H18+'2026-OS CTPS NPA'!H18+'2026-OS CDB NPA'!H18 -> 9 | I18: =NPA!I18+NES!I18+'2026-PKL NPA'!I18+'2026- Harian NES'!I18+'2026-Harian NPA'!I18+'2026-LPK MKS NPA'!I18+'2026-LPK MKM NPA'!I18+'2026-LPK DKP NPA '!I18+'2026-LPK CTPS NPA'!I18+'2026-LPK CDB NPA'!I18+'2026-OS CTPS NPA'!I18+'2026-OS CDB NPA'!I18 -> 51468337 | J18: =H18/$H$24 -> 0.028938907 | K18: =I18/$I$24 -> 0.022107744 | L18: =NPA!L18+NES!L18+'2026-PKL NPA'!L18+'2026- Harian NES'!L18+'2026-Harian NPA'!L18+'2026-LPK MKS NPA'!L18+'2026-LPK MKM NPA'!L18+'2026-LPK DKP NPA '!L18+'2026-LPK CTPS NPA'!L18+'2026-LPK CDB NPA'!L18+'2026-OS CTPS NPA'!L18+'2026-OS CDB NPA'!L18 -> 9 | M18: =NPA!M18+NES!M18+'2026-PKL NPA'!M18+'2026- Harian NES'!M18+'2026-Harian NPA'!M18+'2026-LPK MKS NPA'!M18+'2026-LPK MKM NPA'!M18+'2026-LPK DKP NPA '!M18+'2026-LPK CTPS NPA'!M18+'2026-LPK CDB NPA'!M18+'2026-OS CTPS NPA'!M18+'2026-OS CDB NPA'!M18 -> 49596263 | N18: =L18/$L$24 -> 0.028938907 | O18: =M18/$M$24 -> 0.022868812 | P18: =NPA!P18+NES!P18+'2026-PKL NPA'!P18+'2026- Harian NES'!P18+'2026-Harian NPA'!P18+'2026-LPK MKS NPA'!P18+'2026-LPK MKM NPA'!P18+'2026-LPK DKP NPA '!P18+'2026-LPK CTPS NPA'!P18+'2026-LPK CDB NPA'!P18+'2026-OS CTPS NPA'!P18+'2026-OS CDB NPA'!P18 -> 0 | Q18: =NPA!Q18+NES!Q18+'2026-PKL NPA'!Q18+'2026- Harian NES'!Q18+'2026-Harian NPA'!Q18+'2026-LPK MKS NPA'!Q18+'2026-LPK MKM NPA'!Q18+'2026-LPK DKP NPA '!Q18+'2026-LPK CTPS NPA'!Q18+'2026-LPK CDB NPA'!Q18+'2026-OS CTPS NPA'!Q18+'2026-OS CDB NPA'!Q18 -> 0 | R18: =P18/$P$24 -> #DIV/0! | S18: =Q18/$Q$24 -> #DIV/0! | T18: =NPA!T18+NES!T18+'2026-PKL NPA'!T18+'2026- Harian NES'!T18+'2026-Harian NPA'!T18+'2026-LPK MKS NPA'!T18+'2026-LPK MKM NPA'!T18+'2026-LPK DKP NPA '!T18+'2026-LPK CTPS NPA'!T18+'2026-LPK CDB NPA'!T18+'2026-OS CTPS NPA'!T18+'2026-OS CDB NPA'!T18 -> 0 | U18: =NPA!U18+NES!U18+'2026-PKL NPA'!U18+'2026- Harian NES'!U18+'2026-Harian NPA'!U18+'2026-LPK MKS NPA'!U18+'2026-LPK MKM NPA'!U18+'2026-LPK DKP NPA '!U18+'2026-LPK CTPS NPA'!U18+'2026-LPK CDB NPA'!U18+'2026-OS CTPS NPA'!U18+'2026-OS CDB NPA'!U18 -> 0 | V18: =T18/$T$24 -> #DIV/0! | W18: =U18/$U$24 -> #DIV/0! | X18: =NPA!X18+NES!X18+'2026-PKL NPA'!X18+'2026- Harian NES'!X18+'2026-Harian NPA'!X18+'2026-LPK MKS NPA'!X18+'2026-LPK MKM NPA'!X18+'2026-LPK DKP NPA '!X18+'2026-LPK CTPS NPA'!X18+'2026-LPK CDB NPA'!X18+'2026-OS CTPS NPA'!X18+'2026-OS CDB NPA'!X18 -> 0 | Y18: =NPA!Y18+NES!Y18+'2026-PKL NPA'!Y18+'2026- Harian NES'!Y18+'2026-Harian NPA'!Y18+'2026-LPK MKS NPA'!Y18+'2026-LPK MKM NPA'!Y18+'2026-LPK DKP NPA '!Y18+'2026-LPK CTPS NPA'!Y18+'2026-LPK CDB NPA'!Y18+'2026-OS CTPS NPA'!Y18+'2026-OS CDB NPA'!Y18 -> 0 | Z18: =X18/$X$24 -> #DIV/0! | AA18: =Y18/$Y$24 -> #DIV/0! | AB18: =NPA!AB18+NES!AB18+'2026-PKL NPA'!AB18+'2026- Harian NES'!AB18+'2026-Harian NPA'!AB18+'2026-LPK MKS NPA'!AB18+'2026-LPK MKM NPA'!AB18+'2026-LPK DKP NPA '!AB18+'2026-LPK CTPS NPA'!AB18+'2026-LPK CDB NPA'!AB18+'2026-OS CTPS NPA'!AB18+'2026-OS CDB NPA'!AB18 -> 0 | AC18: =NPA!AC18+NES!AC18+'2026-PKL NPA'!AC18+'2026- Harian NES'!AC18+'2026-Harian NPA'!AC18+'2026-LPK MKS NPA'!AC18+'2026-LPK MKM NPA'!AC18+'2026-LPK DKP NPA '!AC18+'2026-LPK CTPS NPA'!AC18+'2026-LPK CDB NPA'!AC18+'2026-OS CTPS NPA'!AC18+'2026-OS CDB NPA'!AC18 -> 0 | AD18: =AB18/$AB$24 -> #DIV/0! | AE18: =AC18/$AC$24 -> #DIV/0! | AF18: =NPA!AF18+NES!AF18+'2026-PKL NPA'!AF18+'2026- Harian NES'!AF18+'2026-Harian NPA'!AF18+'2026-LPK MKS NPA'!AF18+'2026-LPK MKM NPA'!AF18+'2026-LPK DKP NPA '!AF18+'2026-LPK CTPS NPA'!AF18+'2026-LPK CDB NPA'!AF18+'2026-OS CTPS NPA'!AF18+'2026-OS CDB NPA'!AF18 -> 0 | AG18: =NPA!AG18+NES!AG18+'2026-PKL NPA'!AG18+'2026- Harian NES'!AG18+'2026-Harian NPA'!AG18+'2026-LPK MKS NPA'!AG18+'2026-LPK MKM NPA'!AG18+'2026-LPK DKP NPA '!AG18+'2026-LPK CTPS NPA'!AG18+'2026-LPK CDB NPA'!AG18+'2026-OS CTPS NPA'!AG18+'2026-OS CDB NPA'!AG18 -> 0 | AH18: =AF18/$AF$24 -> #DIV/0! | AI18: =AG18/$AG$24 -> #DIV/0! | AJ18: =NPA!AJ18+NES!AJ18+'2026-PKL NPA'!AJ18+'2026- Harian NES'!AJ18+'2026-Harian NPA'!AJ18+'2026-LPK MKS NPA'!AJ18+'2026-LPK MKM NPA'!AJ18+'2026-LPK DKP NPA '!AJ18+'2026-LPK CTPS NPA'!AJ18+'2026-LPK CDB NPA'!AJ18+'2026-OS CTPS NPA'!AJ18+'2026-OS CDB NPA'!AJ18 -> 0 | AK18: =NPA!AK18+NES!AK18+'2026-PKL NPA'!AK18+'2026- Harian NES'!AK18+'2026-Harian NPA'!AK18+'2026-LPK MKS NPA'!AK18+'2026-LPK MKM NPA'!AK18+'2026-LPK DKP NPA '!AK18+'2026-LPK CTPS NPA'!AK18+'2026-LPK CDB NPA'!AK18+'2026-OS CTPS NPA'!AK18+'2026-OS CDB NPA'!AK18 -> 0 | AL18: =AJ18/$AJ$24 -> #DIV/0! | AM18: =AK18/$AK$24 -> #DIV/0! | AN18: =NPA!AN18+NES!AN18+'2026-PKL NPA'!AN18+'2026- Harian NES'!AN18+'2026-Harian NPA'!AN18+'2026-LPK MKS NPA'!AN18+'2026-LPK MKM NPA'!AN18+'2026-LPK DKP NPA '!AN18+'2026-LPK CTPS NPA'!AN18+'2026-LPK CDB NPA'!AN18+'2026-OS CTPS NPA'!AN18+'2026-OS CDB NPA'!AN18 -> 0 | AO18: =NPA!AO18+NES!AO18+'2026-PKL NPA'!AO18+'2026- Harian NES'!AO18+'2026-Harian NPA'!AO18+'2026-LPK MKS NPA'!AO18+'2026-LPK MKM NPA'!AO18+'2026-LPK DKP NPA '!AO18+'2026-LPK CTPS NPA'!AO18+'2026-LPK CDB NPA'!AO18+'2026-OS CTPS NPA'!AO18+'2026-OS CDB NPA'!AO18 -> 0 | AP18: =AN18/$AN$24 -> #DIV/0! | AQ18: =AO18/$AO$24 -> #DIV/0! | AR18: =NPA!AR18+NES!AR18+'2026-PKL NPA'!AR18+'2026- Harian NES'!AR18+'2026-Harian NPA'!AR18+'2026-LPK MKS NPA'!AR18+'2026-LPK MKM NPA'!AR18+'2026-LPK DKP NPA '!AR18+'2026-LPK CTPS NPA'!AR18+'2026-LPK CDB NPA'!AR18+'2026-OS CTPS NPA'!AR18+'2026-OS CDB NPA'!AR18 -> 0 | AS18: =NPA!AS18+NES!AS18+'2026-PKL NPA'!AS18+'2026- Harian NES'!AS18+'2026-Harian NPA'!AS18+'2026-LPK MKS NPA'!AS18+'2026-LPK MKM NPA'!AS18+'2026-LPK DKP NPA '!AS18+'2026-LPK CTPS NPA'!AS18+'2026-LPK CDB NPA'!AS18+'2026-OS CTPS NPA'!AS18+'2026-OS CDB NPA'!AS18 -> 0 | AT18: =AR18/$AR$24 -> #DIV/0! | AU18: =AS18/$AS$24 -> #DIV/0! | AV18: =NPA!AV18+NES!AV18+'2026-PKL NPA'!AV18+'2026- Harian NES'!AV18+'2026-Harian NPA'!AV18+'2026-LPK MKS NPA'!AV18+'2026-LPK MKM NPA'!AV18+'2026-LPK DKP NPA '!AV18+'2026-LPK CTPS NPA'!AV18+'2026-LPK CDB NPA'!AV18+'2026-OS CTPS NPA'!AV18+'2026-OS CDB NPA'!AV18 -> 0 | AW18: =NPA!AW18+NES!AW18+'2026-PKL NPA'!AW18+'2026- Harian NES'!AW18+'2026-Harian NPA'!AW18+'2026-LPK MKS NPA'!AW18+'2026-LPK MKM NPA'!AW18+'2026-LPK DKP NPA '!AW18+'2026-LPK CTPS NPA'!AW18+'2026-LPK CDB NPA'!AW18+'2026-OS CTPS NPA'!AW18+'2026-OS CDB NPA'!AW18 -> 0 | AX18: =AV18/$AJ$24 -> #DIV/0! | AY18: =AW18/$AK$24 -> #DIV/0! | AZ18: =E18+I18+M18+Q18+U18+Y18+AC18+AG18+AK18+AO18+AS18+AW18 -> 153872537 | BA18: =AVERAGE(F18,J18,N18,R18,V18,Z18,AD18,AH18,AL18,AP18,AT18,AX18) -> #DIV/0! | BB18: =AVERAGE(G18,K18,O18,S18,W18,AA18,AE18,AI18,AM18,AQ18,AU18,AY18) -> #DIV/0! | BC18: =E18+I18+M18 -> 153872537 | BD18: =Q18+U18+Y18 -> 0 | BE18: =AC18+AG18+AK18 -> 0 | BF18: =AO18+AS18+AW18 -> 0
B19: =B18+1 -> 13 | C19: Warehouse & Delivery | D19: =NPA!D19+NES!D19+'2026-PKL NPA'!D19+'2026- Harian NES'!D19+'2026-Harian NPA'!D19+'2026-LPK MKS NPA'!D19+'2026-LPK MKM NPA'!D19+'2026-LPK DKP NPA '!D19+'2026-LPK CTPS NPA'!D19+'2026-LPK CDB NPA'!D19+'2026-OS CTPS NPA'!D19+'2026-OS CDB NPA'!D19 -> 20 | E19: =NPA!E19+NES!E19+'2026-PKL NPA'!E19+'2026- Harian NES'!E19+'2026-Harian NPA'!E19+'2026-LPK MKS NPA'!E19+'2026-LPK MKM NPA'!E19+'2026-LPK DKP NPA '!E19+'2026-LPK CTPS NPA'!E19+'2026-LPK CDB NPA'!E19+'2026-OS CTPS NPA'!E19+'2026-OS CDB NPA'!E19 -> 151509995 | F19: =D19/$D$24 -> 0.061538462 | G19: =E19/$E$24 -> 0.06066051 | H19: =NPA!H19+NES!H19+'2026-PKL NPA'!H19+'2026- Harian NES'!H19+'2026-Harian NPA'!H19+'2026-LPK MKS NPA'!H19+'2026-LPK MKM NPA'!H19+'2026-LPK DKP NPA '!H19+'2026-LPK CTPS NPA'!H19+'2026-LPK CDB NPA'!H19+'2026-OS CTPS NPA'!H19+'2026-OS CDB NPA'!H19 -> 20 | I19: =NPA!I19+NES!I19+'2026-PKL NPA'!I19+'2026- Harian NES'!I19+'2026-Harian NPA'!I19+'2026-LPK MKS NPA'!I19+'2026-LPK MKM NPA'!I19+'2026-LPK DKP NPA '!I19+'2026-LPK CTPS NPA'!I19+'2026-LPK CDB NPA'!I19+'2026-OS CTPS NPA'!I19+'2026-OS CDB NPA'!I19 -> 148167878 | J19: =H19/$H$24 -> 0.064308682 | K19: =I19/$I$24 -> 0.063644131 | L19: =NPA!L19+NES!L19+'2026-PKL NPA'!L19+'2026- Harian NES'!L19+'2026-Harian NPA'!L19+'2026-LPK MKS NPA'!L19+'2026-LPK MKM NPA'!L19+'2026-LPK DKP NPA '!L19+'2026-LPK CTPS NPA'!L19+'2026-LPK CDB NPA'!L19+'2026-OS CTPS NPA'!L19+'2026-OS CDB NPA'!L19 -> 20 | M19: =NPA!M19+NES!M19+'2026-PKL NPA'!M19+'2026- Harian NES'!M19+'2026-Harian NPA'!M19+'2026-LPK MKS NPA'!M19+'2026-LPK MKM NPA'!M19+'2026-LPK DKP NPA '!M19+'2026-LPK CTPS NPA'!M19+'2026-LPK CDB NPA'!M19+'2026-OS CTPS NPA'!M19+'2026-OS CDB NPA'!M19 -> 147554425 | N19: =L19/$L$24 -> 0.064308682 | O19: =M19/$M$24 -> 0.068037271 | P19: =NPA!P19+NES!P19+'2026-PKL NPA'!P19+'2026- Harian NES'!P19+'2026-Harian NPA'!P19+'2026-LPK MKS NPA'!P19+'2026-LPK MKM NPA'!P19+'2026-LPK DKP NPA '!P19+'2026-LPK CTPS NPA'!P19+'2026-LPK CDB NPA'!P19+'2026-OS CTPS NPA'!P19+'2026-OS CDB NPA'!P19 -> 0 | Q19: =NPA!Q19+NES!Q19+'2026-PKL NPA'!Q19+'2026- Harian NES'!Q19+'2026-Harian NPA'!Q19+'2026-LPK MKS NPA'!Q19+'2026-LPK MKM NPA'!Q19+'2026-LPK DKP NPA '!Q19+'2026-LPK CTPS NPA'!Q19+'2026-LPK CDB NPA'!Q19+'2026-OS CTPS NPA'!Q19+'2026-OS CDB NPA'!Q19 -> 0 | R19: =P19/$P$24 -> #DIV/0! | S19: =Q19/$Q$24 -> #DIV/0! | T19: =NPA!T19+NES!T19+'2026-PKL NPA'!T19+'2026- Harian NES'!T19+'2026-Harian NPA'!T19+'2026-LPK MKS NPA'!T19+'2026-LPK MKM NPA'!T19+'2026-LPK DKP NPA '!T19+'2026-LPK CTPS NPA'!T19+'2026-LPK CDB NPA'!T19+'2026-OS CTPS NPA'!T19+'2026-OS CDB NPA'!T19 -> 0 | U19: =NPA!U19+NES!U19+'2026-PKL NPA'!U19+'2026- Harian NES'!U19+'2026-Harian NPA'!U19+'2026-LPK MKS NPA'!U19+'2026-LPK MKM NPA'!U19+'2026-LPK DKP NPA '!U19+'2026-LPK CTPS NPA'!U19+'2026-LPK CDB NPA'!U19+'2026-OS CTPS NPA'!U19+'2026-OS CDB NPA'!U19 -> 0 | V19: =T19/$T$24 -> #DIV/0! | W19: =U19/$U$24 -> #DIV/0! | X19: =NPA!X19+NES!X19+'2026-PKL NPA'!X19+'2026- Harian NES'!X19+'2026-Harian NPA'!X19+'2026-LPK MKS NPA'!X19+'2026-LPK MKM NPA'!X19+'2026-LPK DKP NPA '!X19+'2026-LPK CTPS NPA'!X19+'2026-LPK CDB NPA'!X19+'2026-OS CTPS NPA'!X19+'2026-OS CDB NPA'!X19 -> 0 | Y19: =NPA!Y19+NES!Y19+'2026-PKL NPA'!Y19+'2026- Harian NES'!Y19+'2026-Harian NPA'!Y19+'2026-LPK MKS NPA'!Y19+'2026-LPK MKM NPA'!Y19+'2026-LPK DKP NPA '!Y19+'2026-LPK CTPS NPA'!Y19+'2026-LPK CDB NPA'!Y19+'2026-OS CTPS NPA'!Y19+'2026-OS CDB NPA'!Y19 -> 0 | Z19: =X19/$X$24 -> #DIV/0! | AA19: =Y19/$Y$24 -> #DIV/0! | AB19: =NPA!AB19+NES!AB19+'2026-PKL NPA'!AB19+'2026- Harian NES'!AB19+'2026-Harian NPA'!AB19+'2026-LPK MKS NPA'!AB19+'2026-LPK MKM NPA'!AB19+'2026-LPK DKP NPA '!AB19+'2026-LPK CTPS NPA'!AB19+'2026-LPK CDB NPA'!AB19+'2026-OS CTPS NPA'!AB19+'2026-OS CDB NPA'!AB19 -> 0 | AC19: =NPA!AC19+NES!AC19+'2026-PKL NPA'!AC19+'2026- Harian NES'!AC19+'2026-Harian NPA'!AC19+'2026-LPK MKS NPA'!AC19+'2026-LPK MKM NPA'!AC19+'2026-LPK DKP NPA '!AC19+'2026-LPK CTPS NPA'!AC19+'2026-LPK CDB NPA'!AC19+'2026-OS CTPS NPA'!AC19+'2026-OS CDB NPA'!AC19 -> 0 | AD19: =AB19/$AB$24 -> #DIV/0! | AE19: =AC19/$AC$24 -> #DIV/0! | AF19: =NPA!AF19+NES!AF19+'2026-PKL NPA'!AF19+'2026- Harian NES'!AF19+'2026-Harian NPA'!AF19+'2026-LPK MKS NPA'!AF19+'2026-LPK MKM NPA'!AF19+'2026-LPK DKP NPA '!AF19+'2026-LPK CTPS NPA'!AF19+'2026-LPK CDB NPA'!AF19+'2026-OS CTPS NPA'!AF19+'2026-OS CDB NPA'!AF19 -> 0 | AG19: =NPA!AG19+NES!AG19+'2026-PKL NPA'!AG19+'2026- Harian NES'!AG19+'2026-Harian NPA'!AG19+'2026-LPK MKS NPA'!AG19+'2026-LPK MKM NPA'!AG19+'2026-LPK DKP NPA '!AG19+'2026-LPK CTPS NPA'!AG19+'2026-LPK CDB NPA'!AG19+'2026-OS CTPS NPA'!AG19+'2026-OS CDB NPA'!AG19 -> 0 | AH19: =AF19/$AF$24 -> #DIV/0! | AI19: =AG19/$AG$24 -> #DIV/0! | AJ19: =NPA!AJ19+NES!AJ19+'2026-PKL NPA'!AJ19+'2026- Harian NES'!AJ19+'2026-Harian NPA'!AJ19+'2026-LPK MKS NPA'!AJ19+'2026-LPK MKM NPA'!AJ19+'2026-LPK DKP NPA '!AJ19+'2026-LPK CTPS NPA'!AJ19+'2026-LPK CDB NPA'!AJ19+'2026-OS CTPS NPA'!AJ19+'2026-OS CDB NPA'!AJ19 -> 0 | AK19: =NPA!AK19+NES!AK19+'2026-PKL NPA'!AK19+'2026- Harian NES'!AK19+'2026-Harian NPA'!AK19+'2026-LPK MKS NPA'!AK19+'2026-LPK MKM NPA'!AK19+'2026-LPK DKP NPA '!AK19+'2026-LPK CTPS NPA'!AK19+'2026-LPK CDB NPA'!AK19+'2026-OS CTPS NPA'!AK19+'2026-OS CDB NPA'!AK19 -> 0 | AL19: =AJ19/$AJ$24 -> #DIV/0! | AM19: =AK19/$AK$24 -> #DIV/0! | AN19: =NPA!AN19+NES!AN19+'2026-PKL NPA'!AN19+'2026- Harian NES'!AN19+'2026-Harian NPA'!AN19+'2026-LPK MKS NPA'!AN19+'2026-LPK MKM NPA'!AN19+'2026-LPK DKP NPA '!AN19+'2026-LPK CTPS NPA'!AN19+'2026-LPK CDB NPA'!AN19+'2026-OS CTPS NPA'!AN19+'2026-OS CDB NPA'!AN19 -> 0 | AO19: =NPA!AO19+NES!AO19+'2026-PKL NPA'!AO19+'2026- Harian NES'!AO19+'2026-Harian NPA'!AO19+'2026-LPK MKS NPA'!AO19+'2026-LPK MKM NPA'!AO19+'2026-LPK DKP NPA '!AO19+'2026-LPK CTPS NPA'!AO19+'2026-LPK CDB NPA'!AO19+'2026-OS CTPS NPA'!AO19+'2026-OS CDB NPA'!AO19 -> 0 | AP19: =AN19/$AN$24 -> #DIV/0! | AQ19: =AO19/$AO$24 -> #DIV/0! | AR19: =NPA!AR19+NES!AR19+'2026-PKL NPA'!AR19+'2026- Harian NES'!AR19+'2026-Harian NPA'!AR19+'2026-LPK MKS NPA'!AR19+'2026-LPK MKM NPA'!AR19+'2026-LPK DKP NPA '!AR19+'2026-LPK CTPS NPA'!AR19+'2026-LPK CDB NPA'!AR19+'2026-OS CTPS NPA'!AR19+'2026-OS CDB NPA'!AR19 -> 0 | AS19: =NPA!AS19+NES!AS19+'2026-PKL NPA'!AS19+'2026- Harian NES'!AS19+'2026-Harian NPA'!AS19+'2026-LPK MKS NPA'!AS19+'2026-LPK MKM NPA'!AS19+'2026-LPK DKP NPA '!AS19+'2026-LPK CTPS NPA'!AS19+'2026-LPK CDB NPA'!AS19+'2026-OS CTPS NPA'!AS19+'2026-OS CDB NPA'!AS19 -> 0 | AT19: =AR19/$AR$24 -> #DIV/0! | AU19: =AS19/$AS$24 -> #DIV/0! | AV19: =NPA!AV19+NES!AV19+'2026-PKL NPA'!AV19+'2026- Harian NES'!AV19+'2026-Harian NPA'!AV19+'2026-LPK MKS NPA'!AV19+'2026-LPK MKM NPA'!AV19+'2026-LPK DKP NPA '!AV19+'2026-LPK CTPS NPA'!AV19+'2026-LPK CDB NPA'!AV19+'2026-OS CTPS NPA'!AV19+'2026-OS CDB NPA'!AV19 -> 0 | AW19: =NPA!AW19+NES!AW19+'2026-PKL NPA'!AW19+'2026- Harian NES'!AW19+'2026-Harian NPA'!AW19+'2026-LPK MKS NPA'!AW19+'2026-LPK MKM NPA'!AW19+'2026-LPK DKP NPA '!AW19+'2026-LPK CTPS NPA'!AW19+'2026-LPK CDB NPA'!AW19+'2026-OS CTPS NPA'!AW19+'2026-OS CDB NPA'!AW19 -> 0 | AX19: =AV19/$AJ$24 -> #DIV/0! | AY19: =AW19/$AK$24 -> #DIV/0! | AZ19: =E19+I19+M19+Q19+U19+Y19+AC19+AG19+AK19+AO19+AS19+AW19 -> 447232298 | BA19: =AVERAGE(F19,J19,N19,R19,V19,Z19,AD19,AH19,AL19,AP19,AT19,AX19) -> #DIV/0! | BB19: =AVERAGE(G19,K19,O19,S19,W19,AA19,AE19,AI19,AM19,AQ19,AU19,AY19) -> #DIV/0! | BC19: =E19+I19+M19 -> 447232298 | BD19: =Q19+U19+Y19 -> 0 | BE19: =AC19+AG19+AK19 -> 0 | BF19: =AO19+AS19+AW19 -> 0
B20: =B19+1 -> 14 | C20: Elektronika | D20: =NPA!D20+NES!D20+'2026-PKL NPA'!D20+'2026- Harian NES'!D20+'2026-Harian NPA'!D20+'2026-LPK MKS NPA'!D20+'2026-LPK MKM NPA'!D20+'2026-LPK DKP NPA '!D20+'2026-LPK CTPS NPA'!D20+'2026-LPK CDB NPA'!D20+'2026-OS CTPS NPA'!D20+'2026-OS CDB NPA'!D20 -> 3 | E20: =NPA!E20+NES!E20+'2026-PKL NPA'!E20+'2026- Harian NES'!E20+'2026-Harian NPA'!E20+'2026-LPK MKS NPA'!E20+'2026-LPK MKM NPA'!E20+'2026-LPK DKP NPA '!E20+'2026-LPK CTPS NPA'!E20+'2026-LPK CDB NPA'!E20+'2026-OS CTPS NPA'!E20+'2026-OS CDB NPA'!E20 -> 31336469 | F20: =D20/$D$24 -> 0.0092307692 | G20: =E20/$E$24 -> 0.012546276 | H20: =NPA!H20+NES!H20+'2026-PKL NPA'!H20+'2026- Harian NES'!H20+'2026-Harian NPA'!H20+'2026-LPK MKS NPA'!H20+'2026-LPK MKM NPA'!H20+'2026-LPK DKP NPA '!H20+'2026-LPK CTPS NPA'!H20+'2026-LPK CDB NPA'!H20+'2026-OS CTPS NPA'!H20+'2026-OS CDB NPA'!H20 -> 3 | I20: =NPA!I20+NES!I20+'2026-PKL NPA'!I20+'2026- Harian NES'!I20+'2026-Harian NPA'!I20+'2026-LPK MKS NPA'!I20+'2026-LPK MKM NPA'!I20+'2026-LPK DKP NPA '!I20+'2026-LPK CTPS NPA'!I20+'2026-LPK CDB NPA'!I20+'2026-OS CTPS NPA'!I20+'2026-OS CDB NPA'!I20 -> 29858981 | J20: =H20/$H$24 -> 0.0096463023 | K20: =I20/$I$24 -> 0.012825647 | L20: =NPA!L20+NES!L20+'2026-PKL NPA'!L20+'2026- Harian NES'!L20+'2026-Harian NPA'!L20+'2026-LPK MKS NPA'!L20+'2026-LPK MKM NPA'!L20+'2026-LPK DKP NPA '!L20+'2026-LPK CTPS NPA'!L20+'2026-LPK CDB NPA'!L20+'2026-OS CTPS NPA'!L20+'2026-OS CDB NPA'!L20 -> 3 | M20: =NPA!M20+NES!M20+'2026-PKL NPA'!M20+'2026- Harian NES'!M20+'2026-Harian NPA'!M20+'2026-LPK MKS NPA'!M20+'2026-LPK MKM NPA'!M20+'2026-LPK DKP NPA '!M20+'2026-LPK CTPS NPA'!M20+'2026-LPK CDB NPA'!M20+'2026-OS CTPS NPA'!M20+'2026-OS CDB NPA'!M20 -> 29074599 | N20: =L20/$L$24 -> 0.0096463023 | O20: =M20/$M$24 -> 0.013406283 | P20: =NPA!P20+NES!P20+'2026-PKL NPA'!P20+'2026- Harian NES'!P20+'2026-Harian NPA'!P20+'2026-LPK MKS NPA'!P20+'2026-LPK MKM NPA'!P20+'2026-LPK DKP NPA '!P20+'2026-LPK CTPS NPA'!P20+'2026-LPK CDB NPA'!P20+'2026-OS CTPS NPA'!P20+'2026-OS CDB NPA'!P20 -> 0 | Q20: =NPA!Q20+NES!Q20+'2026-PKL NPA'!Q20+'2026- Harian NES'!Q20+'2026-Harian NPA'!Q20+'2026-LPK MKS NPA'!Q20+'2026-LPK MKM NPA'!Q20+'2026-LPK DKP NPA '!Q20+'2026-LPK CTPS NPA'!Q20+'2026-LPK CDB NPA'!Q20+'2026-OS CTPS NPA'!Q20+'2026-OS CDB NPA'!Q20 -> 0 | R20: =P20/$P$24 -> #DIV/0! | S20: =Q20/$Q$24 -> #DIV/0! | T20: =NPA!T20+NES!T20+'2026-PKL NPA'!T20+'2026- Harian NES'!T20+'2026-Harian NPA'!T20+'2026-LPK MKS NPA'!T20+'2026-LPK MKM NPA'!T20+'2026-LPK DKP NPA '!T20+'2026-LPK CTPS NPA'!T20+'2026-LPK CDB NPA'!T20+'2026-OS CTPS NPA'!T20+'2026-OS CDB NPA'!T20 -> 0 | U20: =NPA!U20+NES!U20+'2026-PKL NPA'!U20+'2026- Harian NES'!U20+'2026-Harian NPA'!U20+'2026-LPK MKS NPA'!U20+'2026-LPK MKM NPA'!U20+'2026-LPK DKP NPA '!U20+'2026-LPK CTPS NPA'!U20+'2026-LPK CDB NPA'!U20+'2026-OS CTPS NPA'!U20+'2026-OS CDB NPA'!U20 -> 0 | V20: =T20/$T$24 -> #DIV/0! | W20: =U20/$U$24 -> #DIV/0! | X20: =NPA!X20+NES!X20+'2026-PKL NPA'!X20+'2026- Harian NES'!X20+'2026-Harian NPA'!X20+'2026-LPK MKS NPA'!X20+'2026-LPK MKM NPA'!X20+'2026-LPK DKP NPA '!X20+'2026-LPK CTPS NPA'!X20+'2026-LPK CDB NPA'!X20+'2026-OS CTPS NPA'!X20+'2026-OS CDB NPA'!X20 -> 0 | Y20: =NPA!Y20+NES!Y20+'2026-PKL NPA'!Y20+'2026- Harian NES'!Y20+'2026-Harian NPA'!Y20+'2026-LPK MKS NPA'!Y20+'2026-LPK MKM NPA'!Y20+'2026-LPK DKP NPA '!Y20+'2026-LPK CTPS NPA'!Y20+'2026-LPK CDB NPA'!Y20+'2026-OS CTPS NPA'!Y20+'2026-OS CDB NPA'!Y20 -> 0 | Z20: =X20/$X$24 -> #DIV/0! | AA20: =Y20/$Y$24 -> #DIV/0! | AB20: =NPA!AB20+NES!AB20+'2026-PKL NPA'!AB20+'2026- Harian NES'!AB20+'2026-Harian NPA'!AB20+'2026-LPK MKS NPA'!AB20+'2026-LPK MKM NPA'!AB20+'2026-LPK DKP NPA '!AB20+'2026-LPK CTPS NPA'!AB20+'2026-LPK CDB NPA'!AB20+'2026-OS CTPS NPA'!AB20+'2026-OS CDB NPA'!AB20 -> 0 | AC20: =NPA!AC20+NES!AC20+'2026-PKL NPA'!AC20+'2026- Harian NES'!AC20+'2026-Harian NPA'!AC20+'2026-LPK MKS NPA'!AC20+'2026-LPK MKM NPA'!AC20+'2026-LPK DKP NPA '!AC20+'2026-LPK CTPS NPA'!AC20+'2026-LPK CDB NPA'!AC20+'2026-OS CTPS NPA'!AC20+'2026-OS CDB NPA'!AC20 -> 0 | AD20: =AB20/$AB$24 -> #DIV/0! | AE20: =AC20/$AC$24 -> #DIV/0! | AF20: =NPA!AF20+NES!AF20+'2026-PKL NPA'!AF20+'2026- Harian NES'!AF20+'2026-Harian NPA'!AF20+'2026-LPK MKS NPA'!AF20+'2026-LPK MKM NPA'!AF20+'2026-LPK DKP NPA '!AF20+'2026-LPK CTPS NPA'!AF20+'2026-LPK CDB NPA'!AF20+'2026-OS CTPS NPA'!AF20+'2026-OS CDB NPA'!AF20 -> 0 | AG20: =NPA!AG20+NES!AG20+'2026-PKL NPA'!AG20+'2026- Harian NES'!AG20+'2026-Harian NPA'!AG20+'2026-LPK MKS NPA'!AG20+'2026-LPK MKM NPA'!AG20+'2026-LPK DKP NPA '!AG20+'2026-LPK CTPS NPA'!AG20+'2026-LPK CDB NPA'!AG20+'2026-OS CTPS NPA'!AG20+'2026-OS CDB NPA'!AG20 -> 0 | AH20: =AF20/$AF$24 -> #DIV/0! | AI20: =AG20/$AG$24 -> #DIV/0! | AJ20: =NPA!AJ20+NES!AJ20+'2026-PKL NPA'!AJ20+'2026- Harian NES'!AJ20+'2026-Harian NPA'!AJ20+'2026-LPK MKS NPA'!AJ20+'2026-LPK MKM NPA'!AJ20+'2026-LPK DKP NPA '!AJ20+'2026-LPK CTPS NPA'!AJ20+'2026-LPK CDB NPA'!AJ20+'2026-OS CTPS NPA'!AJ20+'2026-OS CDB NPA'!AJ20 -> 0 | AK20: =NPA!AK20+NES!AK20+'2026-PKL NPA'!AK20+'2026- Harian NES'!AK20+'2026-Harian NPA'!AK20+'2026-LPK MKS NPA'!AK20+'2026-LPK MKM NPA'!AK20+'2026-LPK DKP NPA '!AK20+'2026-LPK CTPS NPA'!AK20+'2026-LPK CDB NPA'!AK20+'2026-OS CTPS NPA'!AK20+'2026-OS CDB NPA'!AK20 -> 0 | AL20: =AJ20/$AJ$24 -> #DIV/0! | AM20: =AK20/$AK$24 -> #DIV/0! | AN20: =NPA!AN20+NES!AN20+'2026-PKL NPA'!AN20+'2026- Harian NES'!AN20+'2026-Harian NPA'!AN20+'2026-LPK MKS NPA'!AN20+'2026-LPK MKM NPA'!AN20+'2026-LPK DKP NPA '!AN20+'2026-LPK CTPS NPA'!AN20+'2026-LPK CDB NPA'!AN20+'2026-OS CTPS NPA'!AN20+'2026-OS CDB NPA'!AN20 -> 0 | AO20: =NPA!AO20+NES!AO20+'2026-PKL NPA'!AO20+'2026- Harian NES'!AO20+'2026-Harian NPA'!AO20+'2026-LPK MKS NPA'!AO20+'2026-LPK MKM NPA'!AO20+'2026-LPK DKP NPA '!AO20+'2026-LPK CTPS NPA'!AO20+'2026-LPK CDB NPA'!AO20+'2026-OS CTPS NPA'!AO20+'2026-OS CDB NPA'!AO20 -> 0 | AP20: =AN20/$AN$24 -> #DIV/0! | AQ20: =AO20/$AO$24 -> #DIV/0! | AR20: =NPA!AR20+NES!AR20+'2026-PKL NPA'!AR20+'2026- Harian NES'!AR20+'2026-Harian NPA'!AR20+'2026-LPK MKS NPA'!AR20+'2026-LPK MKM NPA'!AR20+'2026-LPK DKP NPA '!AR20+'2026-LPK CTPS NPA'!AR20+'2026-LPK CDB NPA'!AR20+'2026-OS CTPS NPA'!AR20+'2026-OS CDB NPA'!AR20 -> 0 | AS20: =NPA!AS20+NES!AS20+'2026-PKL NPA'!AS20+'2026- Harian NES'!AS20+'2026-Harian NPA'!AS20+'2026-LPK MKS NPA'!AS20+'2026-LPK MKM NPA'!AS20+'2026-LPK DKP NPA '!AS20+'2026-LPK CTPS NPA'!AS20+'2026-LPK CDB NPA'!AS20+'2026-OS CTPS NPA'!AS20+'2026-OS CDB NPA'!AS20 -> 0 | AT20: =AR20/$AR$24 -> #DIV/0! | AU20: =AS20/$AS$24 -> #DIV/0! | AV20: =NPA!AV20+NES!AV20+'2026-PKL NPA'!AV20+'2026- Harian NES'!AV20+'2026-Harian NPA'!AV20+'2026-LPK MKS NPA'!AV20+'2026-LPK MKM NPA'!AV20+'2026-LPK DKP NPA '!AV20+'2026-LPK CTPS NPA'!AV20+'2026-LPK CDB NPA'!AV20+'2026-OS CTPS NPA'!AV20+'2026-OS CDB NPA'!AV20 -> 0 | AW20: =NPA!AW20+NES!AW20+'2026-PKL NPA'!AW20+'2026- Harian NES'!AW20+'2026-Harian NPA'!AW20+'2026-LPK MKS NPA'!AW20+'2026-LPK MKM NPA'!AW20+'2026-LPK DKP NPA '!AW20+'2026-LPK CTPS NPA'!AW20+'2026-LPK CDB NPA'!AW20+'2026-OS CTPS NPA'!AW20+'2026-OS CDB NPA'!AW20 -> 0 | AX20: =AV20/$AJ$24 -> #DIV/0! | AY20: =AW20/$AK$24 -> #DIV/0! | AZ20: =E20+I20+M20+Q20+U20+Y20+AC20+AG20+AK20+AO20+AS20+AW20 -> 90270049 | BA20: =AVERAGE(F20,J20,N20,R20,V20,Z20,AD20,AH20,AL20,AP20,AT20,AX20) -> #DIV/0! | BB20: =AVERAGE(G20,K20,O20,S20,W20,AA20,AE20,AI20,AM20,AQ20,AU20,AY20) -> #DIV/0! | BC20: =E20+I20+M20 -> 90270049 | BD20: =Q20+U20+Y20 -> 0 | BE20: =AC20+AG20+AK20 -> 0 | BF20: =AO20+AS20+AW20 -> 0
B21: =B20+1 -> 15 | C21: Engineering | D21: =NPA!D21+NES!D21+'2026-PKL NPA'!D21+'2026- Harian NES'!D21+'2026-Harian NPA'!D21+'2026-LPK MKS NPA'!D21+'2026-LPK MKM NPA'!D21+'2026-LPK DKP NPA '!D21+'2026-LPK CTPS NPA'!D21+'2026-LPK CDB NPA'!D21+'2026-OS CTPS NPA'!D21+'2026-OS CDB NPA'!D21 -> 8 | E21: =NPA!E21+NES!E21+'2026-PKL NPA'!E21+'2026- Harian NES'!E21+'2026-Harian NPA'!E21+'2026-LPK MKS NPA'!E21+'2026-LPK MKM NPA'!E21+'2026-LPK DKP NPA '!E21+'2026-LPK CTPS NPA'!E21+'2026-LPK CDB NPA'!E21+'2026-OS CTPS NPA'!E21+'2026-OS CDB NPA'!E21 -> 85071224 | F21: =D21/$D$24 -> 0.024615385 | G21: =E21/$E$24 -> 0.03406022 | H21: =NPA!H21+NES!H21+'2026-PKL NPA'!H21+'2026- Harian NES'!H21+'2026-Harian NPA'!H21+'2026-LPK MKS NPA'!H21+'2026-LPK MKM NPA'!H21+'2026-LPK DKP NPA '!H21+'2026-LPK CTPS NPA'!H21+'2026-LPK CDB NPA'!H21+'2026-OS CTPS NPA'!H21+'2026-OS CDB NPA'!H21 -> 8 | I21: =NPA!I21+NES!I21+'2026-PKL NPA'!I21+'2026- Harian NES'!I21+'2026-Harian NPA'!I21+'2026-LPK MKS NPA'!I21+'2026-LPK MKM NPA'!I21+'2026-LPK DKP NPA '!I21+'2026-LPK CTPS NPA'!I21+'2026-LPK CDB NPA'!I21+'2026-OS CTPS NPA'!I21+'2026-OS CDB NPA'!I21 -> 78344172 | J21: =H21/$H$24 -> 0.025723473 | K21: =I21/$I$24 -> 0.033652009 | L21: =NPA!L21+NES!L21+'2026-PKL NPA'!L21+'2026- Harian NES'!L21+'2026-Harian NPA'!L21+'2026-LPK MKS NPA'!L21+'2026-LPK MKM NPA'!L21+'2026-LPK DKP NPA '!L21+'2026-LPK CTPS NPA'!L21+'2026-LPK CDB NPA'!L21+'2026-OS CTPS NPA'!L21+'2026-OS CDB NPA'!L21 -> 8 | M21: =NPA!M21+NES!M21+'2026-PKL NPA'!M21+'2026- Harian NES'!M21+'2026-Harian NPA'!M21+'2026-LPK MKS NPA'!M21+'2026-LPK MKM NPA'!M21+'2026-LPK DKP NPA '!M21+'2026-LPK CTPS NPA'!M21+'2026-LPK CDB NPA'!M21+'2026-OS CTPS NPA'!M21+'2026-OS CDB NPA'!M21 -> 75699193 | N21: =L21/$L$24 -> 0.025723473 | O21: =M21/$M$24 -> 0.03490486 | P21: =NPA!P21+NES!P21+'2026-PKL NPA'!P21+'2026- Harian NES'!P21+'2026-Harian NPA'!P21+'2026-LPK MKS NPA'!P21+'2026-LPK MKM NPA'!P21+'2026-LPK DKP NPA '!P21+'2026-LPK CTPS NPA'!P21+'2026-LPK CDB NPA'!P21+'2026-OS CTPS NPA'!P21+'2026-OS CDB NPA'!P21 -> 0 | Q21: =NPA!Q21+NES!Q21+'2026-PKL NPA'!Q21+'2026- Harian NES'!Q21+'2026-Harian NPA'!Q21+'2026-LPK MKS NPA'!Q21+'2026-LPK MKM NPA'!Q21+'2026-LPK DKP NPA '!Q21+'2026-LPK CTPS NPA'!Q21+'2026-LPK CDB NPA'!Q21+'2026-OS CTPS NPA'!Q21+'2026-OS CDB NPA'!Q21 -> 0 | R21: =P21/$P$24 -> #DIV/0! | S21: =Q21/$Q$24 -> #DIV/0! | T21: =NPA!T21+NES!T21+'2026-PKL NPA'!T21+'2026- Harian NES'!T21+'2026-Harian NPA'!T21+'2026-LPK MKS NPA'!T21+'2026-LPK MKM NPA'!T21+'2026-LPK DKP NPA '!T21+'2026-LPK CTPS NPA'!T21+'2026-LPK CDB NPA'!T21+'2026-OS CTPS NPA'!T21+'2026-OS CDB NPA'!T21 -> 0 | U21: =NPA!U21+NES!U21+'2026-PKL NPA'!U21+'2026- Harian NES'!U21+'2026-Harian NPA'!U21+'2026-LPK MKS NPA'!U21+'2026-LPK MKM NPA'!U21+'2026-LPK DKP NPA '!U21+'2026-LPK CTPS NPA'!U21+'2026-LPK CDB NPA'!U21+'2026-OS CTPS NPA'!U21+'2026-OS CDB NPA'!U21 -> 0 | V21: =T21/$T$24 -> #DIV/0! | W21: =U21/$U$24 -> #DIV/0! | X21: =NPA!X21+NES!X21+'2026-PKL NPA'!X21+'2026- Harian NES'!X21+'2026-Harian NPA'!X21+'2026-LPK MKS NPA'!X21+'2026-LPK MKM NPA'!X21+'2026-LPK DKP NPA '!X21+'2026-LPK CTPS NPA'!X21+'2026-LPK CDB NPA'!X21+'2026-OS CTPS NPA'!X21+'2026-OS CDB NPA'!X21 -> 0 | Y21: =NPA!Y21+NES!Y21+'2026-PKL NPA'!Y21+'2026- Harian NES'!Y21+'2026-Harian NPA'!Y21+'2026-LPK MKS NPA'!Y21+'2026-LPK MKM NPA'!Y21+'2026-LPK DKP NPA '!Y21+'2026-LPK CTPS NPA'!Y21+'2026-LPK CDB NPA'!Y21+'2026-OS CTPS NPA'!Y21+'2026-OS CDB NPA'!Y21 -> 0 | Z21: =X21/$X$24 -> #DIV/0! | AA21: =Y21/$Y$24 -> #DIV/0! | AB21: =NPA!AB21+NES!AB21+'2026-PKL NPA'!AB21+'2026- Harian NES'!AB21+'2026-Harian NPA'!AB21+'2026-LPK MKS NPA'!AB21+'2026-LPK MKM NPA'!AB21+'2026-LPK DKP NPA '!AB21+'2026-LPK CTPS NPA'!AB21+'2026-LPK CDB NPA'!AB21+'2026-OS CTPS NPA'!AB21+'2026-OS CDB NPA'!AB21 -> 0 | AC21: =NPA!AC21+NES!AC21+'2026-PKL NPA'!AC21+'2026- Harian NES'!AC21+'2026-Harian NPA'!AC21+'2026-LPK MKS NPA'!AC21+'2026-LPK MKM NPA'!AC21+'2026-LPK DKP NPA '!AC21+'2026-LPK CTPS NPA'!AC21+'2026-LPK CDB NPA'!AC21+'2026-OS CTPS NPA'!AC21+'2026-OS CDB NPA'!AC21 -> 0 | AD21: =AB21/$AB$24 -> #DIV/0! | AE21: =AC21/$AC$24 -> #DIV/0! | AF21: =NPA!AF21+NES!AF21+'2026-PKL NPA'!AF21+'2026- Harian NES'!AF21+'2026-Harian NPA'!AF21+'2026-LPK MKS NPA'!AF21+'2026-LPK MKM NPA'!AF21+'2026-LPK DKP NPA '!AF21+'2026-LPK CTPS NPA'!AF21+'2026-LPK CDB NPA'!AF21+'2026-OS CTPS NPA'!AF21+'2026-OS CDB NPA'!AF21 -> 0 | AG21: =NPA!AG21+NES!AG21+'2026-PKL NPA'!AG21+'2026- Harian NES'!AG21+'2026-Harian NPA'!AG21+'2026-LPK MKS NPA'!AG21+'2026-LPK MKM NPA'!AG21+'2026-LPK DKP NPA '!AG21+'2026-LPK CTPS NPA'!AG21+'2026-LPK CDB NPA'!AG21+'2026-OS CTPS NPA'!AG21+'2026-OS CDB NPA'!AG21 -> 0 | AH21: =AF21/$AF$24 -> #DIV/0! | AI21: =AG21/$AG$24 -> #DIV/0! | AJ21: =NPA!AJ21+NES!AJ21+'2026-PKL NPA'!AJ21+'2026- Harian NES'!AJ21+'2026-Harian NPA'!AJ21+'2026-LPK MKS NPA'!AJ21+'2026-LPK MKM NPA'!AJ21+'2026-LPK DKP NPA '!AJ21+'2026-LPK CTPS NPA'!AJ21+'2026-LPK CDB NPA'!AJ21+'2026-OS CTPS NPA'!AJ21+'2026-OS CDB NPA'!AJ21 -> 0 | AK21: =NPA!AK21+NES!AK21+'2026-PKL NPA'!AK21+'2026- Harian NES'!AK21+'2026-Harian NPA'!AK21+'2026-LPK MKS NPA'!AK21+'2026-LPK MKM NPA'!AK21+'2026-LPK DKP NPA '!AK21+'2026-LPK CTPS NPA'!AK21+'2026-LPK CDB NPA'!AK21+'2026-OS CTPS NPA'!AK21+'2026-OS CDB NPA'!AK21 -> 0 | AL21: =AJ21/$AJ$24 -> #DIV/0! | AM21: =AK21/$AK$24 -> #DIV/0! | AN21: =NPA!AN21+NES!AN21+'2026-PKL NPA'!AN21+'2026- Harian NES'!AN21+'2026-Harian NPA'!AN21+'2026-LPK MKS NPA'!AN21+'2026-LPK MKM NPA'!AN21+'2026-LPK DKP NPA '!AN21+'2026-LPK CTPS NPA'!AN21+'2026-LPK CDB NPA'!AN21+'2026-OS CTPS NPA'!AN21+'2026-OS CDB NPA'!AN21 -> 0 | AO21: =NPA!AO21+NES!AO21+'2026-PKL NPA'!AO21+'2026- Harian NES'!AO21+'2026-Harian NPA'!AO21+'2026-LPK MKS NPA'!AO21+'2026-LPK MKM NPA'!AO21+'2026-LPK DKP NPA '!AO21+'2026-LPK CTPS NPA'!AO21+'2026-LPK CDB NPA'!AO21+'2026-OS CTPS NPA'!AO21+'2026-OS CDB NPA'!AO21 -> 0 | AP21: =AN21/$AN$24 -> #DIV/0! | AQ21: =AO21/$AO$24 -> #DIV/0! | AR21: =NPA!AR21+NES!AR21+'2026-PKL NPA'!AR21+'2026- Harian NES'!AR21+'2026-Harian NPA'!AR21+'2026-LPK MKS NPA'!AR21+'2026-LPK MKM NPA'!AR21+'2026-LPK DKP NPA '!AR21+'2026-LPK CTPS NPA'!AR21+'2026-LPK CDB NPA'!AR21+'2026-OS CTPS NPA'!AR21+'2026-OS CDB NPA'!AR21 -> 0 | AS21: =NPA!AS21+NES!AS21+'2026-PKL NPA'!AS21+'2026- Harian NES'!AS21+'2026-Harian NPA'!AS21+'2026-LPK MKS NPA'!AS21+'2026-LPK MKM NPA'!AS21+'2026-LPK DKP NPA '!AS21+'2026-LPK CTPS NPA'!AS21+'2026-LPK CDB NPA'!AS21+'2026-OS CTPS NPA'!AS21+'2026-OS CDB NPA'!AS21 -> 0 | AT21: =AR21/$AR$24 -> #DIV/0! | AU21: =AS21/$AS$24 -> #DIV/0! | AV21: =NPA!AV21+NES!AV21+'2026-PKL NPA'!AV21+'2026- Harian NES'!AV21+'2026-Harian NPA'!AV21+'2026-LPK MKS NPA'!AV21+'2026-LPK MKM NPA'!AV21+'2026-LPK DKP NPA '!AV21+'2026-LPK CTPS NPA'!AV21+'2026-LPK CDB NPA'!AV21+'2026-OS CTPS NPA'!AV21+'2026-OS CDB NPA'!AV21 -> 0 | AW21: =NPA!AW21+NES!AW21+'2026-PKL NPA'!AW21+'2026- Harian NES'!AW21+'2026-Harian NPA'!AW21+'2026-LPK MKS NPA'!AW21+'2026-LPK MKM NPA'!AW21+'2026-LPK DKP NPA '!AW21+'2026-LPK CTPS NPA'!AW21+'2026-LPK CDB NPA'!AW21+'2026-OS CTPS NPA'!AW21+'2026-OS CDB NPA'!AW21 -> 0 | AX21: =AV21/$AJ$24 -> #DIV/0! | AY21: =AW21/$AK$24 -> #DIV/0! | AZ21: =E21+I21+M21+Q21+U21+Y21+AC21+AG21+AK21+AO21+AS21+AW21 -> 239114589 | BA21: =AVERAGE(F21,J21,N21,R21,V21,Z21,AD21,AH21,AL21,AP21,AT21,AX21) -> #DIV/0! | BB21: =AVERAGE(G21,K21,O21,S21,W21,AA21,AE21,AI21,AM21,AQ21,AU21,AY21) -> #DIV/0! | BC21: =E21+I21+M21 -> 239114589 | BD21: =Q21+U21+Y21 -> 0 | BE21: =AC21+AG21+AK21 -> 0 | BF21: =AO21+AS21+AW21 -> 0
B22: =B21+1 -> 16 | C22: IT | D22: =NPA!D22+NES!D22+'2026-PKL NPA'!D22+'2026- Harian NES'!D22+'2026-Harian NPA'!D22+'2026-LPK MKS NPA'!D22+'2026-LPK MKM NPA'!D22+'2026-LPK DKP NPA '!D22+'2026-LPK CTPS NPA'!D22+'2026-LPK CDB NPA'!D22+'2026-OS CTPS NPA'!D22+'2026-OS CDB NPA'!D22 -> 3 | E22: =NPA!E22+NES!E22+'2026-PKL NPA'!E22+'2026- Harian NES'!E22+'2026-Harian NPA'!E22+'2026-LPK MKS NPA'!E22+'2026-LPK MKM NPA'!E22+'2026-LPK DKP NPA '!E22+'2026-LPK CTPS NPA'!E22+'2026-LPK CDB NPA'!E22+'2026-OS CTPS NPA'!E22+'2026-OS CDB NPA'!E22 -> 25376338 | F22: =D22/$D$24 -> 0.0092307692 | G22: =E22/$E$24 -> 0.01016 | H22: =NPA!H22+NES!H22+'2026-PKL NPA'!H22+'2026- Harian NES'!H22+'2026-Harian NPA'!H22+'2026-LPK MKS NPA'!H22+'2026-LPK MKM NPA'!H22+'2026-LPK DKP NPA '!H22+'2026-LPK CTPS NPA'!H22+'2026-LPK CDB NPA'!H22+'2026-OS CTPS NPA'!H22+'2026-OS CDB NPA'!H22 -> 3 | I22: =NPA!I22+NES!I22+'2026-PKL NPA'!I22+'2026- Harian NES'!I22+'2026-Harian NPA'!I22+'2026-LPK MKS NPA'!I22+'2026-LPK MKM NPA'!I22+'2026-LPK DKP NPA '!I22+'2026-LPK CTPS NPA'!I22+'2026-LPK CDB NPA'!I22+'2026-OS CTPS NPA'!I22+'2026-OS CDB NPA'!I22 -> 25525124 | J22: =H22/$H$24 -> 0.0096463023 | K22: =I22/$I$24 -> 0.010964079 | L22: =NPA!L22+NES!L22+'2026-PKL NPA'!L22+'2026- Harian NES'!L22+'2026-Harian NPA'!L22+'2026-LPK MKS NPA'!L22+'2026-LPK MKM NPA'!L22+'2026-LPK DKP NPA '!L22+'2026-LPK CTPS NPA'!L22+'2026-LPK CDB NPA'!L22+'2026-OS CTPS NPA'!L22+'2026-OS CDB NPA'!L22 -> 4 | M22: =NPA!M22+NES!M22+'2026-PKL NPA'!M22+'2026- Harian NES'!M22+'2026-Harian NPA'!M22+'2026-LPK MKS NPA'!M22+'2026-LPK MKM NPA'!M22+'2026-LPK DKP NPA '!M22+'2026-LPK CTPS NPA'!M22+'2026-LPK CDB NPA'!M22+'2026-OS CTPS NPA'!M22+'2026-OS CDB NPA'!M22 -> 23970615 | N22: =L22/$L$24 -> 0.012861736 | O22: =M22/$M$24 -> 0.011052838 | P22: =NPA!P22+NES!P22+'2026-PKL NPA'!P22+'2026- Harian NES'!P22+'2026-Harian NPA'!P22+'2026-LPK MKS NPA'!P22+'2026-LPK MKM NPA'!P22+'2026-LPK DKP NPA '!P22+'2026-LPK CTPS NPA'!P22+'2026-LPK CDB NPA'!P22+'2026-OS CTPS NPA'!P22+'2026-OS CDB NPA'!P22 -> 0 | Q22: =NPA!Q22+NES!Q22+'2026-PKL NPA'!Q22+'2026- Harian NES'!Q22+'2026-Harian NPA'!Q22+'2026-LPK MKS NPA'!Q22+'2026-LPK MKM NPA'!Q22+'2026-LPK DKP NPA '!Q22+'2026-LPK CTPS NPA'!Q22+'2026-LPK CDB NPA'!Q22+'2026-OS CTPS NPA'!Q22+'2026-OS CDB NPA'!Q22 -> 0 | R22: =P22/$P$24 -> #DIV/0! | S22: =Q22/$Q$24 -> #DIV/0! | T22: =NPA!T22+NES!T22+'2026-PKL NPA'!T22+'2026- Harian NES'!T22+'2026-Harian NPA'!T22+'2026-LPK MKS NPA'!T22+'2026-LPK MKM NPA'!T22+'2026-LPK DKP NPA '!T22+'2026-LPK CTPS NPA'!T22+'2026-LPK CDB NPA'!T22+'2026-OS CTPS NPA'!T22+'2026-OS CDB NPA'!T22 -> 0 | U22: =NPA!U22+NES!U22+'2026-PKL NPA'!U22+'2026- Harian NES'!U22+'2026-Harian NPA'!U22+'2026-LPK MKS NPA'!U22+'2026-LPK MKM NPA'!U22+'2026-LPK DKP NPA '!U22+'2026-LPK CTPS NPA'!U22+'2026-LPK CDB NPA'!U22+'2026-OS CTPS NPA'!U22+'2026-OS CDB NPA'!U22 -> 0 | V22: =T22/$T$24 -> #DIV/0! | W22: =U22/$U$24 -> #DIV/0! | X22: =NPA!X22+NES!X22+'2026-PKL NPA'!X22+'2026- Harian NES'!X22+'2026-Harian NPA'!X22+'2026-LPK MKS NPA'!X22+'2026-LPK MKM NPA'!X22+'2026-LPK DKP NPA '!X22+'2026-LPK CTPS NPA'!X22+'2026-LPK CDB NPA'!X22+'2026-OS CTPS NPA'!X22+'2026-OS CDB NPA'!X22 -> 0 | Y22: =NPA!Y22+NES!Y22+'2026-PKL NPA'!Y22+'2026- Harian NES'!Y22+'2026-Harian NPA'!Y22+'2026-LPK MKS NPA'!Y22+'2026-LPK MKM NPA'!Y22+'2026-LPK DKP NPA '!Y22+'2026-LPK CTPS NPA'!Y22+'2026-LPK CDB NPA'!Y22+'2026-OS CTPS NPA'!Y22+'2026-OS CDB NPA'!Y22 -> 0 | Z22: =X22/$X$24 -> #DIV/0! | AA22: =Y22/$Y$24 -> #DIV/0! | AB22: =NPA!AB22+NES!AB22+'2026-PKL NPA'!AB22+'2026- Harian NES'!AB22+'2026-Harian NPA'!AB22+'2026-LPK MKS NPA'!AB22+'2026-LPK MKM NPA'!AB22+'2026-LPK DKP NPA '!AB22+'2026-LPK CTPS NPA'!AB22+'2026-LPK CDB NPA'!AB22+'2026-OS CTPS NPA'!AB22+'2026-OS CDB NPA'!AB22 -> 0 | AC22: =NPA!AC22+NES!AC22+'2026-PKL NPA'!AC22+'2026- Harian NES'!AC22+'2026-Harian NPA'!AC22+'2026-LPK MKS NPA'!AC22+'2026-LPK MKM NPA'!AC22+'2026-LPK DKP NPA '!AC22+'2026-LPK CTPS NPA'!AC22+'2026-LPK CDB NPA'!AC22+'2026-OS CTPS NPA'!AC22+'2026-OS CDB NPA'!AC22 -> 0 | AD22: =AB22/$AB$24 -> #DIV/0! | AE22: =AC22/$AC$24 -> #DIV/0! | AF22: =NPA!AF22+NES!AF22+'2026-PKL NPA'!AF22+'2026- Harian NES'!AF22+'2026-Harian NPA'!AF22+'2026-LPK MKS NPA'!AF22+'2026-LPK MKM NPA'!AF22+'2026-LPK DKP NPA '!AF22+'2026-LPK CTPS NPA'!AF22+'2026-LPK CDB NPA'!AF22+'2026-OS CTPS NPA'!AF22+'2026-OS CDB NPA'!AF22 -> 0 | AG22: =NPA!AG22+NES!AG22+'2026-PKL NPA'!AG22+'2026- Harian NES'!AG22+'2026-Harian NPA'!AG22+'2026-LPK MKS NPA'!AG22+'2026-LPK MKM NPA'!AG22+'2026-LPK DKP NPA '!AG22+'2026-LPK CTPS NPA'!AG22+'2026-LPK CDB NPA'!AG22+'2026-OS CTPS NPA'!AG22+'2026-OS CDB NPA'!AG22 -> 0 | AH22: =AF22/$AF$24 -> #DIV/0! | AI22: =AG22/$AG$24 -> #DIV/0! | AJ22: =NPA!AJ22+NES!AJ22+'2026-PKL NPA'!AJ22+'2026- Harian NES'!AJ22+'2026-Harian NPA'!AJ22+'2026-LPK MKS NPA'!AJ22+'2026-LPK MKM NPA'!AJ22+'2026-LPK DKP NPA '!AJ22+'2026-LPK CTPS NPA'!AJ22+'2026-LPK CDB NPA'!AJ22+'2026-OS CTPS NPA'!AJ22+'2026-OS CDB NPA'!AJ22 -> 0 | AK22: =NPA!AK22+NES!AK22+'2026-PKL NPA'!AK22+'2026- Harian NES'!AK22+'2026-Harian NPA'!AK22+'2026-LPK MKS NPA'!AK22+'2026-LPK MKM NPA'!AK22+'2026-LPK DKP NPA '!AK22+'2026-LPK CTPS NPA'!AK22+'2026-LPK CDB NPA'!AK22+'2026-OS CTPS NPA'!AK22+'2026-OS CDB NPA'!AK22 -> 0 | AL22: =AJ22/$AJ$24 -> #DIV/0! | AM22: =AK22/$AK$24 -> #DIV/0! | AN22: =NPA!AN22+NES!AN22+'2026-PKL NPA'!AN22+'2026- Harian NES'!AN22+'2026-Harian NPA'!AN22+'2026-LPK MKS NPA'!AN22+'2026-LPK MKM NPA'!AN22+'2026-LPK DKP NPA '!AN22+'2026-LPK CTPS NPA'!AN22+'2026-LPK CDB NPA'!AN22+'2026-OS CTPS NPA'!AN22+'2026-OS CDB NPA'!AN22 -> 0 | AO22: =NPA!AO22+NES!AO22+'2026-PKL NPA'!AO22+'2026- Harian NES'!AO22+'2026-Harian NPA'!AO22+'2026-LPK MKS NPA'!AO22+'2026-LPK MKM NPA'!AO22+'2026-LPK DKP NPA '!AO22+'2026-LPK CTPS NPA'!AO22+'2026-LPK CDB NPA'!AO22+'2026-OS CTPS NPA'!AO22+'2026-OS CDB NPA'!AO22 -> 0 | AP22: =AN22/$AN$24 -> #DIV/0! | AQ22: =AO22/$AO$24 -> #DIV/0! | AR22: =NPA!AR22+NES!AR22+'2026-PKL NPA'!AR22+'2026- Harian NES'!AR22+'2026-Harian NPA'!AR22+'2026-LPK MKS NPA'!AR22+'2026-LPK MKM NPA'!AR22+'2026-LPK DKP NPA '!AR22+'2026-LPK CTPS NPA'!AR22+'2026-LPK CDB NPA'!AR22+'2026-OS CTPS NPA'!AR22+'2026-OS CDB NPA'!AR22 -> 0 | AS22: =NPA!AS22+NES!AS22+'2026-PKL NPA'!AS22+'2026- Harian NES'!AS22+'2026-Harian NPA'!AS22+'2026-LPK MKS NPA'!AS22+'2026-LPK MKM NPA'!AS22+'2026-LPK DKP NPA '!AS22+'2026-LPK CTPS NPA'!AS22+'2026-LPK CDB NPA'!AS22+'2026-OS CTPS NPA'!AS22+'2026-OS CDB NPA'!AS22 -> 0 | AT22: =AR22/$AR$24 -> #DIV/0! | AU22: =AS22/$AS$24 -> #DIV/0! | AV22: =NPA!AV22+NES!AV22+'2026-PKL NPA'!AV22+'2026- Harian NES'!AV22+'2026-Harian NPA'!AV22+'2026-LPK MKS NPA'!AV22+'2026-LPK MKM NPA'!AV22+'2026-LPK DKP NPA '!AV22+'2026-LPK CTPS NPA'!AV22+'2026-LPK CDB NPA'!AV22+'2026-OS CTPS NPA'!AV22+'2026-OS CDB NPA'!AV22 -> 0 | AW22: =NPA!AW22+NES!AW22+'2026-PKL NPA'!AW22+'2026- Harian NES'!AW22+'2026-Harian NPA'!AW22+'2026-LPK MKS NPA'!AW22+'2026-LPK MKM NPA'!AW22+'2026-LPK DKP NPA '!AW22+'2026-LPK CTPS NPA'!AW22+'2026-LPK CDB NPA'!AW22+'2026-OS CTPS NPA'!AW22+'2026-OS CDB NPA'!AW22 -> 0 | AX22: =AV22/$AJ$24 -> #DIV/0! | AY22: =AW22/$AK$24 -> #DIV/0! | AZ22: =E22+I22+M22+Q22+U22+Y22+AC22+AG22+AK22+AO22+AS22+AW22 -> 74872077 | BA22: =AVERAGE(F22,J22,N22,R22,V22,Z22,AD22,AH22,AL22,AP22,AT22,AX22) -> #DIV/0! | BB22: =AVERAGE(G22,K22,O22,S22,W22,AA22,AE22,AI22,AM22,AQ22,AU22,AY22) -> #DIV/0! | BC22: =E22+I22+M22 -> 74872077 | BD22: =Q22+U22+Y22 -> 0 | BE22: =AC22+AG22+AK22 -> 0 | BF22: =AO22+AS22+AW22 -> 0
C24: Total | D24: =SUM(D7:D23) -> 325 | E24: =SUM(E7:E23) -> 2497670974 | F24: =SUM(F7:F23) -> 1 | G24: =SUM(G7:G23) -> 1 | H24: =SUM(H7:H23) -> 311 | I24: =SUM(I7:I23) -> 2328068221 | J24: =SUM(J7:J23) -> 1 | K24: =SUM(K7:K23) -> 1 | ... AM24: =SUM(AM7:AM23) -> #DIV/0! | AN24: =SUM(AN7:AN22) -> 0 | AO24: =SUM(AO7:AO23) -> 0 | AP24: =SUM(AP7:AP23) -> #DIV/0! | AQ24: =SUM(AQ7:AQ23) -> #DIV/0! | AR24: =SUM(AR7:AR22) -> 0 | AS24: =SUM(AS7:AS23) -> 0 | AT24: =SUM(AT7:AT23) -> #DIV/0! | AU24: =SUM(AU7:AU23) -> #DIV/0! | AV24: =SUM(AV7:AV22) -> 0 | AW24: =SUM(AW7:AW23) -> 0 | AX24: =SUM(AX7:AX23) -> #DIV/0! | AY24: =SUM(AY7:AY23) -> #DIV/0! | AZ24: =SUM(AZ7:AZ23) -> 6582241119 | BA24: =SUM(BA7:BA23) -> #DIV/0! | BB24: =SUM(BB7:BB23) -> #DIV/0! | BC24: =SUM(BC7:BC23) -> 6994468537 | BD24: =SUM(BD7:BD23) -> 0 | ... BF24: =SUM(BF7:BF23) -> 0
AW26: Jan - Mar 2026 | AX26: Upah | AY26: Pekerja Produksi | AZ26: =BC10+BC16+BC17 -> 3470779539
AY27: Pekerja Lainnya | AZ27: =BC7+BC8+BC9+BC11+BC12+BC14+BC15+BC18+BC19+BC20+BC21+BC22 -> 3111461580
AW29: Apr - Juni 2026 | AX29: Lainnya | AY29: Pekerja Produksi | AZ29: =BD10+BD16+BD17 -> 0
AY30: Pekerja Lainnya | AZ30: =BD7+BD8+BD9+BD11+BD12+BD14+BD15+BD18+BD19+BD20+BD21+BD22 -> 0
AW32: Jul - Sept 2026 | AX32: Upah | AY32: Pekerja Produksi | AZ32: =BE10+BE16+BE17 -> 0
AY33: Pekerja Lainnya | AZ33: =BE7+BE8+BE9+BE11+BE12+BE14+BE15+BE18+BE19+BE20+BE21+BE22 -> 0
AW35: Okt - Des 2026 | AX35: Lainnya | AY35: Pekerja Produksi | AZ35: =BF10+BF16+BF17 -> 0
AY36: Pekerja Lainnya | AZ36: =BF7+BF8+BF9+BF11+BF12+BF14+BF15+BF18+BF19+BF20+BF21+BF22 -> 0

Sheet NPA
B1: PT NOBI PUTRA ANGKASA
B2: REKAPITULASI PEMBAYARAN BIAYA SDM | AS2: (F7+J7+N7+R7+V7+Z7+AD7+AH7+AL7+AP7+AT7+AX7)
B3: TAHUN 2026
B5: No. | C5: Uraian | D5: Januari | H5: Februari | L5: Maret | P5: April | T5: Mei | X5: Juni | AB5: Juli | AF5: Agustus | AJ5: September | AN5: Oktober | AR5: Nopember | AV5: Desember | BC5: 2025
D6: Jml Kary. | E6: Nilai | F6: % JK | G6: % GJ | H6: Jml Kary. | I6: Nilai | J6: % JK | K6: % GJ | L6: Jml Kary. | M6: Nilai | N6: % JK | O6: % GJ | P6: Jml Kary. | Q6: Nilai | R6: % JK | S6: % GJ | T6: Jml Kary. | U6: Nilai | V6: % JK | W6: % GJ | X6: Jml Kary. | Y6: Nilai | Z6: % JK | AA6: % GJ | AB6: Jml Kary. | AC6: Nilai | AD6: % JK | AE6: % GJ | AF6: Jml Kary. | AG6: Nilai | AH6: % JK | AI6: % GJ | AJ6: Jml Kary. | AK6: Nilai | AL6: % JK | AM6: % GJ | AN6: Jml Kary. | AO6: Nilai | AP6: % JK | AQ6: % GJ | AR6: Jml Kary. | AS6: Nilai | AT6: % JK | AU6: % GJ | AV6: Jml Kary. | AW6: Nilai | AX6: % JK | AY6: % GJ | AZ6: TOTAL | BA6: % JK | BB6: % GJ | BC6: Jan - Mar | BD6: Apr - Jun | BE6: Jul - Sept | BF6: Okt - Des
B7: 1 | C7: None | D7: 2 | E7: 105169321 | F7: =D7/$D$24 -> 0.016 | G7: =E7/$E$24 -> 0.074254094 | H7: 2 | I7: 75504329 | J7: =H7/$H$24 -> 0.016129032 | K7: =I7/$I$24 -> 0.061040856 | L7: 2 | M7: 74124788 | N7: =L7/$L$24 -> 0.016129032 | O7: =M7/$M$24 -> 0.061833486 | R7: =P7/$P$24 -> #DIV/0! | S7: =Q7/$Q$24 -> #DIV/0! | V7: =T7/$T$24 -> #DIV/0! | W7: =U7/$U$24 -> #DIV/0! | Z7: =X7/$X$24 -> #DIV/0! | AA7: =Y7/$Y$24 -> #DIV/0! | AD7: =AB7/$AB$24 -> #DIV/0! | AE7: =AC7/$AC$24 -> #DIV/0! | AH7: =AF7/$AF$24 -> #DIV/0! | AI7: =AG7/$AG$24 -> #DIV/0! | AL7: =AJ7/$AJ$24 -> #DIV/0! | AM7: =AK7/$AK$24 -> #DIV/0! | AP7: =AN7/$AN$24 -> #DIV/0! | AQ7: =AO7/$AO$24 -> #DIV/0! | AT7: =AR7/$AR$24 -> #DIV/0! | AU7: =AS7/$AS$24 -> #DIV/0! | AX7: =AV7/$AJ$24 -> #DIV/0! | AY7: =AW7/$AK$24 -> #DIV/0! | AZ7: =E7+I7+M7+Q7+U7+Y7+AC7+AG7+AK7+AO7+AS7+AW7 -> 254798438 | BA7: =AVERAGE(F7,J7,N7,R7,V7,Z7,AD7,AH7,AL7,AP7,AT7,AX7) -> #DIV/0! | BB7: =AVERAGE(G7,K7,O7,S7,W7,AA7,AE7,AI7,AM7,AQ7,AU7,AY7) -> #DIV/0! | BC7: =E7+I7+M7 -> 254798438 | BD7: =Q7+U7+Y7 -> 0 | BE7: =AC7+AG7+AK7 -> 0 | BF7: =AO7+AS7+AW7 -> 0
B8: =B7+1 -> 2 | C8: Keuangan & Akunting | D8: 10 | E8: 124852645 | F8: =D8/$D$24 -> 0.08 | G8: =E8/$E$24 -> 0.088151372 | H8: 10 | I8: 115094497 | J8: =H8/$H$24 -> 0.080645161 | K8: =I8/$I$24 -> 0.093047203 | L8: 10 | M8: 110226902 | N8: =L8/$L$24 -> 0.080645161 | O8: =M8/$M$24 -> 0.091949181 | R8: =P8/$P$24 -> #DIV/0! | S8: =Q8/$Q$24 -> #DIV/0! | V8: =T8/$T$24 -> #DIV/0! | W8: =U8/$U$24 -> #DIV/0! | Z8: =X8/$X$24 -> #DIV/0! | AA8: =Y8/$Y$24 -> #DIV/0! | AD8: =AB8/$AB$24 -> #DIV/0! | AE8: =AC8/$AC$24 -> #DIV/0! | AH8: =AF8/$AF$24 -> #DIV/0! | AI8: =AG8/$AG$24 -> #DIV/0! | AL8: =AJ8/$AJ$24 -> #DIV/0! | AM8: =AK8/$AK$24 -> #DIV/0! | AP8: =AN8/$AN$24 -> #DIV/0! | AQ8: =AO8/$AO$24 -> #DIV/0! | AT8: =AR8/$AR$24 -> #DIV/0! | AU8: =AS8/$AS$24 -> #DIV/0! | AX8: =AV8/$AJ$24 -> #DIV/0! | AY8: =AW8/$AK$24 -> #DIV/0! | AZ8: =E8+I8+M8+Q8+U8+Y8+AC8+AG8+AK8+AO8+AS8+AW8 -> 350174044 | BA8: =AVERAGE(F8,J8,N8,R8,V8,Z8,AD8,AH8,AL8,AP8,AT8,AX8) -> #DIV/0! | BB8: =AVERAGE(G8,K8,O8,S8,W8,AA8,AE8,AI8,AM8,AQ8,AU8,AY8) -> #DIV/0! | BC8: =E8+I8+M8 -> 350174044 | BD8: =Q8+U8+Y8 -> 0 | BE8: =AC8+AG8+AK8 -> 0 | BF8: =AO8+AS8+AW8 -> 0
B9: =B8+1 -> 3 | C9: Marketing | D9: 6 | E9: 113538590 | F9: =D9/$D$24 -> 0.048 | G9: =E9/$E$24 -> 0.08016316 | H9: 6 | I9: 101460362 | J9: =H9/$H$24 -> 0.048387097 | K9: =I9/$I$24 -> 0.082024798 | L9: 6 | M9: 98664021 | N9: =L9/$L$24 -> 0.048387097 | O9: =M9/$M$24 -> 0.082303646 | R9: =P9/$P$24 -> #DIV/0! | S9: =Q9/$Q$24 -> #DIV/0! | V9: =T9/$T$24 -> #DIV/0! | W9: =U9/$U$24 -> #DIV/0! | Z9: =X9/$X$24 -> #DIV/0! | AA9: =Y9/$Y$24 -> #DIV/0! | AD9: =AB9/$AB$24 -> #DIV/0! | AE9: =AC9/$AC$24 -> #DIV/0! | AH9: =AF9/$AF$24 -> #DIV/0! | AI9: =AG9/$AG$24 -> #DIV/0! | AL9: =AJ9/$AJ$24 -> #DIV/0! | AM9: =AK9/$AK$24 -> #DIV/0! | AP9: =AN9/$AN$24 -> #DIV/0! | AQ9: =AO9/$AO$24 -> #DIV/0! | AT9: =AR9/$AR$24 -> #DIV/0! | AU9: =AS9/$AS$24 -> #DIV/0! | AX9: =AV9/$AJ$24 -> #DIV/0! | AY9: =AW9/$AK$24 -> #DIV/0! | AZ9: =E9+I9+M9+Q9+U9+Y9+AC9+AG9+AK9+AO9+AS9+AW9 -> 313662973 | BA9: =AVERAGE(F9,J9,N9,R9,V9,Z9,AD9,AH9,AL9,AP9,AT9,AX9) -> #DIV/0! | BB9: =AVERAGE(G9,K9,O9,S9,W9,AA9,AE9,AI9,AM9,AQ9,AU9,AY9) -> #DIV/0! | BC9: =E9+I9+M9 -> 313662973 | BD9: =Q9+U9+Y9 -> 0 | BE9: =AC9+AG9+AK9 -> 0 | BF9: =AO9+AS9+AW9 -> 0
B10: =B9+1 -> 4 | C10: Elektrikal | D10: 5 | E10: 41186778 | F10: =D10/$D$24 -> 0.04 | G10: =E10/$E$24 -> 0.029079648 | H10: 5 | I10: 37394897 | J10: =H10/$H$24 -> 0.040322581 | K10: =I10/$I$24 -> 0.030231598 | L10: 5 | M10: 38949927 | N10: =L10/$L$24 -> 0.040322581 | O10: =M10/$M$24 -> 0.032491287 | R10: =P10/$P$24 -> #DIV/0! | S10: =Q10/$Q$24 -> #DIV/0! | V10: =T10/$T$24 -> #DIV/0! | W10: =U10/$U$24 -> #DIV/0! | Z10: =X10/$X$24 -> #DIV/0! | AA10: =Y10/$Y$24 -> #DIV/0! | AD10: =AB10/$AB$24 -> #DIV/0! | AE10: =AC10/$AC$24 -> #DIV/0! | AH10: =AF10/$AF$24 -> #DIV/0! | AI10: =AG10/$AG$24 -> #DIV/0! | AL10: =AJ10/$AJ$24 -> #DIV/0! | AM10: =AK10/$AK$24 -> #DIV/0! | AP10: =AN10/$AN$24 -> #DIV/0! | AQ10: =AO10/$AO$24 -> #DIV/0! | AT10: =AR10/$AR$24 -> #DIV/0! | AU10: =AS10/$AS$24 -> #DIV/0! | AX10: =AV10/$AJ$24 -> #DIV/0! | AY10: =AW10/$AK$24 -> #DIV/0! | AZ10: =E10+I10+M10+Q10+U10+Y10+AC10+AG10+AK10+AO10+AS10+AW10 -> 117531602 | BA10: =AVERAGE(F10,J10,N10,R10,V10,Z10,AD10,AH10,AL10,AP10,AT10,AX10) -> #DIV/0! | BB10: =AVERAGE(G10,K10,O10,S10,W10,AA10,AE10,AI10,AM10,AQ10,AU10,AY10) -> #DIV/0! | BC10: =E10+I10+M10 -> 117531602 | BD10: =Q10+U10+Y10 -> 0 | BE10: =AC10+AG10+AK10 -> 0 | BF10: =AO10+AS10+AW10 -> 0
B11: =B10+1 -> 5 | C11: Purchasing & EIM | D11: 3 | E11: 42078527 | F11: =D11/$D$24 -> 0.024 | G11: =E11/$E$24 -> 0.029709262 | H11: 3 | I11: 40066151 | J11: =H11/$H$24 -> 0.024193548 | K11: =I11/$I$24 -> 0.032391151 | L11: 3 | M11: 37753008 | N11: =L11/$L$24 -> 0.024193548 | O11: =M11/$M$24 -> 0.03149284 | R11: =P11/$P$24 -> #DIV/0! | S11: =Q11/$Q$24 -> #DIV/0! | V11: =T11/$T$24 -> #DIV/0! | W11: =U11/$U$24 -> #DIV/0! | Z11: =X11/$X$24 -> #DIV/0! | AA11: =Y11/$Y$24 -> #DIV/0! | AD11: =AB11/$AB$24 -> #DIV/0! | AE11: =AC11/$AC$24 -> #DIV/0! | AH11: =AF11/$AF$24 -> #DIV/0! | AI11: =AG11/$AG$24 -> #DIV/0! | AL11: =AJ11/$AJ$24 -> #DIV/0! | AM11: =AK11/$AK$24 -> #DIV/0! | AP11: =AN11/$AN$24 -> #DIV/0! | AQ11: =AO11/$AO$24 -> #DIV/0! | AT11: =AR11/$AR$24 -> #DIV/0! | AU11: =AS11/$AS$24 -> #DIV/0! | AX11: =AV11/$AJ$24 -> #DIV/0! | AY11: =AW11/$AK$24 -> #DIV/0! | AZ11: =E11+I11+M11+Q11+U11+Y11+AC11+AG11+AK11+AO11+AS11+AW11 -> 119897686 | BA11: =AVERAGE(F11,J11,N11,R11,V11,Z11,AD11,AH11,AL11,AP11,AT11,AX11) -> #DIV/0! | BB11: =AVERAGE(G11,K11,O11,S11,W11,AA11,AE11,AI11,AM11,AQ11,AU11,AY11) -> #DIV/0! | BC11: =E11+I11+M11 -> 119897686 | BD11: =Q11+U11+Y11 -> 0 | BE11: =AC11+AG11+AK11 -> 0 | BF11: =AO11+AS11+AW11 -> 0
B12: =B11+1 -> 6 | C12: HRD,GA & Legal | D12: 7 | E12: 84679994 | F12: =D12/$D$24 -> 0.056 | G12: =E12/$E$24 -> 0.059787742 | H12: 7 | I12: 80061210 | J12: =H12/$H$24 -> 0.056451613 | K12: =I12/$I$24 -> 0.064724829 | L12: 7 | M12: 79655941 | N12: =L12/$L$24 -> 0.056451613 | O12: =M12/$M$24 -> 0.066447468 | R12: =P12/$P$24 -> #DIV/0! | S12: =Q12/$Q$24 -> #DIV/0! | V12: =T12/$T$24 -> #DIV/0! | W12: =U12/$U$24 -> #DIV/0! | Z12: =X12/$X$24 -> #DIV/0! | AA12: =Y12/$Y$24 -> #DIV/0! | AD12: =AB12/$AB$24 -> #DIV/0! | AE12: =AC12/$AC$24 -> #DIV/0! | AH12: =AF12/$AF$24 -> #DIV/0! | AI12: =AG12/$AG$24 -> #DIV/0! | AL12: =AJ12/$AJ$24 -> #DIV/0! | AM12: =AK12/$AK$24 -> #DIV/0! | AP12: =AN12/$AN$24 -> #DIV/0! | AQ12: =AO12/$AO$24 -> #DIV/0! | AT12: =AR12/$AR$24 -> #DIV/0! | AU12: =AS12/$AS$24 -> #DIV/0! | AX12: =AV12/$AJ$24 -> #DIV/0! | AY12: =AW12/$AK$24 -> #DIV/0! | AZ12: =E12+I12+M12+Q12+U12+Y12+AC12+AG12+AK12+AO12+AS12+AW12 -> 244397145 | BA12: =AVERAGE(F12,J12,N12,R12,V12,Z12,AD12,AH12,AL12,AP12,AT12,AX12) -> #DIV/0! | BB12: =AVERAGE(G12,K12,O12,S12,W12,AA12,AE12,AI12,AM12,AQ12,AU12,AY12) -> #DIV/0! | BC12: =E12+I12+M12 -> 244397145 | BD12: =Q12+U12+Y12 -> 0 | BE12: =AC12+AG12+AK12 -> 0 | BF12: =AO12+AS12+AW12 -> 0
B13: =B12+1 -> 7 | C13: HRD,GA & Legal (SECURITY) | D13: 0 | E13: 0 | F13: =D13/$D$24 -> 0 | G13: =E13/$E$24 -> 0 | H13: 0 | I13: 0 | J13: =H13/$H$24 -> 0 | K13: =I13/$I$24 -> 0 | L13: 0 | M13: 0 | N13: =L13/$L$24 -> 0 | O13: =M13/$M$24 -> 0 | R13: =P13/$P$24 -> #DIV/0! | S13: =Q13/$Q$24 -> #DIV/0! | V13: =T13/$T$24 -> #DIV/0! | W13: =U13/$U$24 -> #DIV/0! | Z13: =X13/$X$24 -> #DIV/0! | AA13: =Y13/$Y$24 -> #DIV/0! | AD13: =AB13/$AB$24 -> #DIV/0! | AE13: =AC13/$AC$24 -> #DIV/0! | AH13: =AF13/$AF$24 -> #DIV/0! | AI13: =AG13/$AG$24 -> #DIV/0! | AL13: =AJ13/$AJ$24 -> #DIV/0! | AM13: =AK13/$AK$24 -> #DIV/0! | AP13: =AN13/$AN$24 -> #DIV/0! | AQ13: =AO13/$AO$24 -> #DIV/0! | AT13: =AR13/$AR$24 -> #DIV/0! | AU13: =AS13/$AS$24 -> #DIV/0! | AX13: =AV13/$AJ$24 -> #DIV/0! | AY13: =AW13/$AK$24 -> #DIV/0! | BA13: =AVERAGE(F13,J13,N13,R13,V13,Z13,AD13,AH13,AL13,AP13,AT13,AX13) -> #DIV/0! | BB13: =AVERAGE(G13,K13,O13,S13,W13,AA13,AE13,AI13,AM13,AQ13,AU13,AY13) -> #DIV/0! | BC13: =E13+I13+M13 -> 0 | BD13: =Q13+U13+Y13 -> 0 | BE13: =AC13+AG13+AK13 -> 0 | BF13: =AO13+AS13+AW13 -> 0
B14: =B13+1 -> 8 | C14: MR, QC & HSE | D14: 6 | E14: 72911558 | F14: =D14/$D$24 -> 0.048 | G14: =E14/$E$24 -> 0.051478716 | H14: 6 | I14: 67254346 | J14: =H14/$H$24 -> 0.048387097 | K14: =I14/$I$24 -> 0.054371225 | L14: 6 | M14: 64882116 | N14: =L14/$L$24 -> 0.048387097 | O14: =M14/$M$24 -> 0.054123425 | R14: =P14/$P$24 -> #DIV/0! | S14: =Q14/$Q$24 -> #DIV/0! | V14: =T14/$T$24 -> #DIV/0! | W14: =U14/$U$24 -> #DIV/0! | Z14: =X14/$X$24 -> #DIV/0! | AA14: =Y14/$Y$24 -> #DIV/0! | AD14: =AB14/$AB$24 -> #DIV/0! | AE14: =AC14/$AC$24 -> #DIV/0! | AH14: =AF14/$AF$24 -> #DIV/0! | AI14: =AG14/$AG$24 -> #DIV/0! | AL14: =AJ14/$AJ$24 -> #DIV/0! | AM14: =AK14/$AK$24 -> #DIV/0! | AP14: =AN14/$AN$24 -> #DIV/0! | AQ14: =AO14/$AO$24 -> #DIV/0! | AT14: =AR14/$AR$24 -> #DIV/0! | AU14: =AS14/$AS$24 -> #DIV/0! | AX14: =AV14/$AJ$24 -> #DIV/0! | AY14: =AW14/$AK$24 -> #DIV/0! | AZ14: =E14+I14+M14+Q14+U14+Y14+AC14+AG14+AK14+AO14+AS14+AW14 -> 205048020 | BA14: =AVERAGE(F14,J14,N14,R14,V14,Z14,AD14,AH14,AL14,AP14,AT14,AX14) -> #DIV/0! | BB14: =AVERAGE(G14,K14,O14,S14,W14,AA14,AE14,AI14,AM14,AQ14,AU14,AY14) -> #DIV/0! | BC14: =E14+I14+M14 -> 205048020 | BD14: =Q14+U14+Y14 -> 0 | BE14: =AC14+AG14+AK14 -> 0 | BF14: =AO14+AS14+AW14 -> 0
B15: =B14+1 -> 9 | C15: PPIC | D15: 4 | E15: 43284396 | F15: =D15/$D$24 -> 0.032 | G15: =E15/$E$24 -> 0.030560657 | H15: 4 | I15: 40321757 | J15: =H15/$H$24 -> 0.032258065 | K15: =I15/$I$24 -> 0.032597794 | L15: 4 | M15: 38398936 | N15: =L15/$L$24 -> 0.032258065 | O15: =M15/$M$24 -> 0.032031661 | R15: =P15/$P$24 -> #DIV/0! | S15: =Q15/$Q$24 -> #DIV/0! | V15: =T15/$T$24 -> #DIV/0! | W15: =U15/$U$24 -> #DIV/0! | Z15: =X15/$X$24 -> #DIV/0! | AA15: =Y15/$Y$24 -> #DIV/0! | AD15: =AB15/$AB$24 -> #DIV/0! | AE15: =AC15/$AC$24 -> #DIV/0! | AH15: =AF15/$AF$24 -> #DIV/0! | AI15: =AG15/$AG$24 -> #DIV/0! | AL15: =AJ15/$AJ$24 -> #DIV/0! | AM15: =AK15/$AK$24 -> #DIV/0! | AP15: =AN15/$AN$24 -> #DIV/0! | AQ15: =AO15/$AO$24 -> #DIV/0! | AT15: =AR15/$AR$24 -> #DIV/0! | AU15: =AS15/$AS$24 -> #DIV/0! | AX15: =AV15/$AJ$24 -> #DIV/0! | AY15: =AW15/$AK$24 -> #DIV/0! | AZ15: =E15+I15+M15+Q15+U15+Y15+AC15+AG15+AK15+AO15+AS15+AW15 -> 122005089 | BA15: =AVERAGE(F15,J15,N15,R15,V15,Z15,AD15,AH15,AL15,AP15,AT15,AX15) -> #DIV/0! | BB15: =AVERAGE(G15,K15,O15,S15,W15,AA15,AE15,AI15,AM15,AQ15,AU15,AY15) -> #DIV/0! | BC15: =E15+I15+M15 -> 122005089 | BD15: =Q15+U15+Y15 -> 0 | BE15: =AC15+AG15+AK15 -> 0 | BF15: =AO15+AS15+AW15 -> 0
B16: =B15+1 -> 10 | C16: Produksi Cable Tray & Pole | D16: 31 | E16: 314757528 | F16: =D16/$D$24 -> 0.248 | G16: =E16/$E$24 -> 0.22223244 | H16: 31 | I16: 277286181 | J16: =H16/$H$24 -> 0.25 | K16: =I16/$I$24 -> 0.22416974 | L16: 31 | M16: 264313597 | N16: =L16/$L$24 -> 0.25 | O16: =M16/$M$24 -> 0.22048537 | R16: =P16/$P$24 -> #DIV/0! | S16: =Q16/$Q$24 -> #DIV/0! | V16: =T16/$T$24 -> #DIV/0! | W16: =U16/$U$24 -> #DIV/0! | Z16: =X16/$X$24 -> #DIV/0! | AA16: =Y16/$Y$24 -> #DIV/0! | AD16: =AB16/$AB$24 -> #DIV/0! | AE16: =AC16/$AC$24 -> #DIV/0! | AH16: =AF16/$AF$24 -> #DIV/0! | AI16: =AG16/$AG$24 -> #DIV/0! | AL16: =AJ16/$AJ$24 -> #DIV/0! | AM16: =AK16/$AK$24 -> #DIV/0! | AP16: =AN16/$AN$24 -> #DIV/0! | AQ16: =AO16/$AO$24 -> #DIV/0! | AT16: =AR16/$AR$24 -> #DIV/0! | AU16: =AS16/$AS$24 -> #DIV/0! | AX16: =AV16/$AJ$24 -> #DIV/0! | AY16: =AW16/$AK$24 -> #DIV/0! | AZ16: =E16+I16+M16+Q16+U16+Y16+AC16+AG16+AK16+AO16+AS16+AW16 -> 856357306 | BA16: =AVERAGE(F16,J16,N16,R16,V16,Z16,AD16,AH16,AL16,AP16,AT16,AX16) -> #DIV/0! | BB16: =AVERAGE(G16,K16,O16,S16,W16,AA16,AE16,AI16,AM16,AQ16,AU16,AY16) -> #DIV/0! | BC16: =E16+I16+M16 -> 856357306 | BD16: =Q16+U16+Y16 -> 0 | BE16: =AC16+AG16+AK16 -> 0 | BF16: =AO16+AS16+AW16 -> 0
B17: =B16+1 -> 11 | C17: Produksi Panel | D17: 30 | E17: 255421010 | F17: =D17/$D$24 -> 0.24 | G17: =E17/$E$24 -> 0.18033829 | H17: 29 | I17: 203154533 | J17: =H17/$H$24 -> 0.23387097 | K17: =I17/$I$24 -> 0.16423862 | L17: 29 | M17: 197982983 | N17: =L17/$L$24 -> 0.23387097 | O17: =M17/$M$24 -> 0.16515363 | R17: =P17/$P$24 -> #DIV/0! | S17: =Q17/$Q$24 -> #DIV/0! | V17: =T17/$T$24 -> #DIV/0! | W17: =U17/$U$24 -> #DIV/0! | Z17: =X17/$X$24 -> #DIV/0! | AA17: =Y17/$Y$24 -> #DIV/0! | AD17: =AB17/$AB$24 -> #DIV/0! | AE17: =AC17/$AC$24 -> #DIV/0! | AH17: =AF17/$AF$24 -> #DIV/0! | AI17: =AG17/$AG$24 -> #DIV/0! | AL17: =AJ17/$AJ$24 -> #DIV/0! | AM17: =AK17/$AK$24 -> #DIV/0! | AP17: =AN17/$AN$24 -> #DIV/0! | AQ17: =AO17/$AO$24 -> #DIV/0! | AT17: =AR17/$AR$24 -> #DIV/0! | AU17: =AS17/$AS$24 -> #DIV/0! | AX17: =AV17/$AJ$24 -> #DIV/0! | AY17: =AW17/$AK$24 -> #DIV/0! | AZ17: =E17+I17+M17+Q17+U17+Y17+AC17+AG17+AK17+AO17+AS17+AW17 -> 656558526 | BA17: =AVERAGE(F17,J17,N17,R17,V17,Z17,AD17,AH17,AL17,AP17,AT17,AX17) -> #DIV/0! | BB17: =AVERAGE(G17,K17,O17,S17,W17,AA17,AE17,AI17,AM17,AQ17,AU17,AY17) -> #DIV/0! | BC17: =E17+I17+M17 -> 656558526 | BD17: =Q17+U17+Y17 -> 0 | BE17: =AC17+AG17+AK17 -> 0 | BF17: =AO17+AS17+AW17 -> 0
B18: =B17+1 -> 12 | C18: Maintenance | D18: 5 | E18: 46293624 | F18: =D18/$D$24 -> 0.04 | G18: =E18/$E$24 -> 0.032685303 | H18: 5 | I18: 43048682 | J18: =H18/$H$24 -> 0.040322581 | K18: =I18/$I$24 -> 0.034802354 | L18: 5 | M18: 41787979 | N18: =L18/$L$24 -> 0.040322581 | O18: =M18/$M$24 -> 0.034858736 | R18: =P18/$P$24 -> #DIV/0! | S18: =Q18/$Q$24 -> #DIV/0! | V18: =T18/$T$24 -> #DIV/0! | W18: =U18/$U$24 -> #DIV/0! | Z18: =X18/$X$24 -> #DIV/0! | AA18: =Y18/$Y$24 -> #DIV/0! | AD18: =AB18/$AB$24 -> #DIV/0! | AE18: =AC18/$AC$24 -> #DIV/0! | AH18: =AF18/$AF$24 -> #DIV/0! | AI18: =AG18/$AG$24 -> #DIV/0! | AL18: =AJ18/$AJ$24 -> #DIV/0! | AM18: =AK18/$AK$24 -> #DIV/0! | AP18: =AN18/$AN$24 -> #DIV/0! | AQ18: =AO18/$AO$24 -> #DIV/0! | AT18: =AR18/$AR$24 -> #DIV/0! | AU18: =AS18/$AS$24 -> #DIV/0! | AX18: =AV18/$AJ$24 -> #DIV/0! | AY18: =AW18/$AK$24 -> #DIV/0! | AZ18: =E18+I18+M18+Q18+U18+Y18+AC18+AG18+AK18+AO18+AS18+AW18 -> 131130285 | BA18: =AVERAGE(F18,J18,N18,R18,V18,Z18,AD18,AH18,AL18,AP18,AT18,AX18) -> #DIV/0! | BB18: =AVERAGE(G18,K18,O18,S18,W18,AA18,AE18,AI18,AM18,AQ18,AU18,AY18) -> #DIV/0! | BC18: =E18+I18+M18 -> 131130285 | BD18: =Q18+U18+Y18 -> 0 | BE18: =AC18+AG18+AK18 -> 0 | BF18: =AO18+AS18+AW18 -> 0
B19: =B18+1 -> 13 | C19: Warehouse & Delivery | D19: 4 | E19: 40683243 | F19: =D19/$D$24 -> 0.032 | G19: =E19/$E$24 -> 0.028724131 | H19: 4 | I19: 34167537 | J19: =H19/$H$24 -> 0.032258065 | K19: =I19/$I$24 -> 0.027622465 | L19: 4 | M19: 34147340 | N19: =L19/$L$24 -> 0.032258065 | O19: =M19/$M$24 -> 0.02848506 | R19: =P19/$P$24 -> #DIV/0! | S19: =Q19/$Q$24 -> #DIV/0! | V19: =T19/$T$24 -> #DIV/0! | W19: =U19/$U$24 -> #DIV/0! | Z19: =X19/$X$24 -> #DIV/0! | AA19: =Y19/$Y$24 -> #DIV/0! | AD19: =AB19/$AB$24 -> #DIV/0! | AE19: =AC19/$AC$24 -> #DIV/0! | AH19: =AF19/$AF$24 -> #DIV/0! | AI19: =AG19/$AG$24 -> #DIV/0! | AL19: =AJ19/$AJ$24 -> #DIV/0! | AM19: =AK19/$AK$24 -> #DIV/0! | AP19: =AN19/$AN$24 -> #DIV/0! | AQ19: =AO19/$AO$24 -> #DIV/0! | AT19: =AR19/$AR$24 -> #DIV/0! | AU19: =AS19/$AS$24 -> #DIV/0! | AX19: =AV19/$AJ$24 -> #DIV/0! | AY19: =AW19/$AK$24 -> #DIV/0! | AZ19: =E19+I19+M19+Q19+U19+Y19+AC19+AG19+AK19+AO19+AS19+AW19 -> 108998120 | BA19: =AVERAGE(F19,J19,N19,R19,V19,Z19,AD19,AH19,AL19,AP19,AT19,AX19) -> #DIV/0! | BB19: =AVERAGE(G19,K19,O19,S19,W19,AA19,AE19,AI19,AM19,AQ19,AU19,AY19) -> #DIV/0! | BC19: =E19+I19+M19 -> 108998120 | BD19: =Q19+U19+Y19 -> 0 | BE19: =AC19+AG19+AK19 -> 0 | BF19: =AO19+AS19+AW19 -> 0
B20: =B19+1 -> 14 | C20: Elektronika | D20: 3 | E20: 31336469 | F20: =D20/$D$24 -> 0.024 | G20: =E20/$E$24 -> 0.022124904 | H20: 3 | I20: 29858981 | J20: =H20/$H$24 -> 0.024193548 | K20: =I20/$I$24 -> 0.024139248 | L20: 3 | M20: 29074599 | N20: =L20/$L$24 -> 0.024193548 | O20: =M20/$M$24 -> 0.024253476 | R20: =P20/$P$24 -> #DIV/0! | S20: =Q20/$Q$24 -> #DIV/0! | V20: =T20/$T$24 -> #DIV/0! | W20: =U20/$U$24 -> #DIV/0! | Z20: =X20/$X$24 -> #DIV/0! | AA20: =Y20/$Y$24 -> #DIV/0! | AD20: =AB20/$AB$24 -> #DIV/0! | AE20: =AC20/$AC$24 -> #DIV/0! | AH20: =AF20/$AF$24 -> #DIV/0! | AI20: =AG20/$AG$24 -> #DIV/0! | AL20: =AJ20/$AJ$24 -> #DIV/0! | AM20: =AK20/$AK$24 -> #DIV/0! | AP20: =AN20/$AN$24 -> #DIV/0! | AQ20: =AO20/$AO$24 -> #DIV/0! | AT20: =AR20/$AR$24 -> #DIV/0! | AU20: =AS20/$AS$24 -> #DIV/0! | AX20: =AV20/$AJ$24 -> #DIV/0! | AY20: =AW20/$AK$24 -> #DIV/0! | AZ20: =E20+I20+M20+Q20+U20+Y20+AC20+AG20+AK20+AO20+AS20+AW20 -> 90270049 | BA20: =AVERAGE(F20,J20,N20,R20,V20,Z20,AD20,AH20,AL20,AP20,AT20,AX20) -> #DIV/0! | BB20: =AVERAGE(G20,K20,O20,S20,W20,AA20,AE20,AI20,AM20,AQ20,AU20,AY20) -> #DIV/0! | BC20: =E20+I20+M20 -> 90270049 | BD20: =Q20+U20+Y20 -> 0 | BE20: =AC20+AG20+AK20 -> 0 | BF20: =AO20+AS20+AW20 -> 0
B21: =B20+1 -> 15 | C21: Engineering | D21: 7 | E21: 78487726 | F21: =D21/$D$24 -> 0.056 | G21: =E21/$E$24 -> 0.055415732 | H21: 7 | I21: 71428573 | J21: =H21/$H$24 -> 0.056451613 | K21: =I21/$I$24 -> 0.057745844 | L21: 7 | M21: 68566344 | N21: =L21/$L$24 -> 0.056451613 | O21: =M21/$M$24 -> 0.057196737 | R21: =P21/$P$24 -> #DIV/0! | S21: =Q21/$Q$24 -> #DIV/0! | V21: =T21/$T$24 -> #DIV/0! | W21: =U21/$U$24 -> #DIV/0! | Z21: =X21/$X$24 -> #DIV/0! | AA21: =Y21/$Y$24 -> #DIV/0! | AD21: =AB21/$AB$24 -> #DIV/0! | AE21: =AC21/$AC$24 -> #DIV/0! | AH21: =AF21/$AF$24 -> #DIV/0! | AI21: =AG21/$AG$24 -> #DIV/0! | AL21: =AJ21/$AJ$24 -> #DIV/0! | AM21: =AK21/$AK$24 -> #DIV/0! | AP21: =AN21/$AN$24 -> #DIV/0! | AQ21: =AO21/$AO$24 -> #DIV/0! | AT21: =AR21/$AR$24 -> #DIV/0! | AU21: =AS21/$AS$24 -> #DIV/0! | AX21: =AV21/$AJ$24 -> #DIV/0! | AY21: =AW21/$AK$24 -> #DIV/0! | AZ21: =E21+I21+M21+Q21+U21+Y21+AC21+AG21+AK21+AO21+AS21+AW21 -> 218482643 | BA21: =AVERAGE(F21,J21,N21,R21,V21,Z21,AD21,AH21,AL21,AP21,AT21,AX21) -> #DIV/0! | BB21: =AVERAGE(G21,K21,O21,S21,W21,AA21,AE21,AI21,AM21,AQ21,AU21,AY21) -> #DIV/0! | BC21: =E21+I21+M21 -> 218482643 | BD21: =Q21+U21+Y21 -> 0 | BE21: =AC21+AG21+AK21 -> 0 | BF21: =AO21+AS21+AW21 -> 0
B22: =B21+1 -> 16 | C22: IT | D22: 2 | E22: 21662337 | F22: =D22/$D$24 -> 0.016 | G22: =E22/$E$24 -> 0.015294548 | H22: 2 | I22: 20845382 | J22: =H22/$H$24 -> 0.016129032 | K22: =I22/$I$24 -> 0.016852278 | L22: 2 | M22: 20252202 | N22: =L22/$L$24 -> 0.016129032 | O22: =M22/$M$24 -> 0.016894001 | R22: =P22/$P$24 -> #DIV/0! | S22: =Q22/$Q$24 -> #DIV/0! | V22: =T22/$T$24 -> #DIV/0! | W22: =U22/$U$24 -> #DIV/0! | Z22: =X22/$X$24 -> #DIV/0! | AA22: =Y22/$Y$24 -> #DIV/0! | AD22: =AB22/$AB$24 -> #DIV/0! | AE22: =AC22/$AC$24 -> #DIV/0! | AH22: =AF22/$AF$24 -> #DIV/0! | AI22: =AG22/$AG$24 -> #DIV/0! | AL22: =AJ22/$AJ$24 -> #DIV/0! | AM22: =AK22/$AK$24 -> #DIV/0! | AP22: =AN22/$AN$24 -> #DIV/0! | AQ22: =AO22/$AO$24 -> #DIV/0! | AT22: =AR22/$AR$24 -> #DIV/0! | AU22: =AS22/$AS$24 -> #DIV/0! | AX22: =AV22/$AJ$24 -> #DIV/0! | AY22: =AW22/$AK$24 -> #DIV/0! | AZ22: =E22+I22+M22+Q22+U22+Y22+AC22+AG22+AK22+AO22+AS22+AW22 -> 62759921 | BA22: =AVERAGE(F22,J22,N22,R22,V22,Z22,AD22,AH22,AL22,AP22,AT22,AX22) -> #DIV/0! | BB22: =AVERAGE(G22,K22,O22,S22,W22,AA22,AE22,AI22,AM22,AQ22,AU22,AY22) -> #DIV/0! | BC22: =E22+I22+M22 -> 62759921 | BD22: =Q22+U22+Y22 -> 0 | BE22: =AC22+AG22+AK22 -> 0 | BF22: =AO22+AS22+AW22 -> 0
C24: Total | D24: =SUM(D7:D23) -> 125 | E24: =SUM(E7:E23) -> 1416343746 | F24: =SUM(F7:F23) -> 1 | G24: =SUM(G7:G23) -> 1 | H24: =SUM(H7:H23) -> 124 | I24: =SUM(I7:I23) -> 1236947418 | J24: =SUM(J7:J23) -> 1 | K24: =SUM(K7:K23) -> 1 | ... AM24: =SUM(AM7:AM23) -> #DIV/0! | AN24: =SUM(AN7:AN22) -> 0 | AO24: =SUM(AO7:AO23) -> 0 | AP24: =SUM(AP7:AP23) -> #DIV/0! | AQ24: =SUM(AQ7:AQ23) -> #DIV/0! | AR24: =SUM(AR7:AR22) -> 0 | AS24: =SUM(AS7:AS23) -> 0 | AT24: =SUM(AT7:AT23) -> #DIV/0! | AU24: =SUM(AU7:AU23) -> #DIV/0! | AV24: =SUM(AV7:AV22) -> 0 | AW24: =SUM(AW7:AW23) -> 0 | AX24: =SUM(AX7:AX23) -> #DIV/0! | AY24: =SUM(AY7:AY23) -> #DIV/0! | AZ24: =SUM(AZ7:AZ23) -> 3852071847 | BA24: =SUM(BA7:BA23) -> #DIV/0! | BB24: =SUM(BB7:BB23) -> #DIV/0! | BC24: =SUM(BC7:BC23) -> 3852071847 | BD24: =SUM(BD7:BD23) -> 0 | ... BF24: =SUM(BF7:BF23) -> 0
AW26: Jan - Mar 2025 | AX26: Upah | AY26: Pekerja Produksi | AZ26: =BC10+BC16+BC17 -> 1630447434
AY27: Pekerja Lainnya | AZ27: =BC7+BC8+BC9+BC11+BC12+BC14+BC15+BC18+BC19+BC20+BC21+BC22 -> 2221624413
AW29: Apr - Juni 2025 | AX29: Lainnya | AY29: Pekerja Produksi | AZ29: =BD10+BD16+BD17 -> 0
AY30: Pekerja Lainnya | AZ30: =BD7+BD8+BD9+BD11+BD12+BD14+BD15+BD18+BD19+BD20+BD21+BD22 -> 0
AW32: Jul - Sept 2025 | AX32: Upah | AY32: Pekerja Produksi | AZ32: =BE10+BE16+BE17 -> 0
AY33: Pekerja Lainnya | AZ33: =BE7+BE8+BE9+BE11+BE12+BE14+BE15+BE18+BE19+BE20+BE21+BE22 -> 0
AW35: Okt - Des 2025 | AX35: Lainnya | AY35: Pekerja Produksi | AZ35: =BF10+BF16+BF17 -> 0
AY36: Pekerja Lainnya | AZ36: =BF7+BF8+BF9+BF11+BF12+BF14+BF15+BF18+BF19+BF20+BF21+BF22 -> 0

Sheet NES
B1: PT NOBI ELEKTRIKA SEJAHTERA
B2: REKAPITULASI PEMBAYARAN BIAYA SDM | AS2: (F7+J7+N7+R7+V7+Z7+AD7+AH7+AL7+AP7+AT7+AX7)
B3: TAHUN 2026
B5: No. | C5: Uraian | D5: Januari | H5: Februari | L5: Maret | P5: April | T5: Mei | X5: Juni | AB5: Juli | AF5: Agustus | AJ5: September | AN5: Oktober | AR5: Nopember | AV5: Desember | BC5: 2025
D6: Jml Kary. | E6: Nilai | F6: % JK | G6: % GJ | H6: Jml Kary. | I6: Nilai | J6: % JK | K6: % GJ | L6: Jml Kary. | M6: Nilai | N6: % JK | O6: % GJ | P6: Jml Kary. | Q6: Nilai | R6: % JK | S6: % GJ | T6: Jml Kary. | U6: Nilai | V6: % JK | W6: % GJ | X6: Jml Kary. | Y6: Nilai | Z6: % JK | AA6: % GJ | AB6: Jml Kary. | AC6: Nilai | AD6: % JK | AE6: % GJ | AF6: Jml Kary. | AG6: Nilai | AH6: % JK | AI6: % GJ | AJ6: Jml Kary. | AK6: Nilai | AL6: % JK | AM6: % GJ | AN6: Jml Kary. | AO6: Nilai | AP6: % JK | AQ6: % GJ | AR6: Jml Kary. | AS6: Nilai | AT6: % JK | AU6: % GJ | AV6: Jml Kary. | AW6: Nilai | AX6: % JK | AY6: % GJ | AZ6: TOTAL | BA6: % JK | BB6: % GJ | BC6: Jan - Mar | BD6: Apr - Jun | BE6: Jul - Sept | BF6: Okt - Des
B7: 1 | C7: None | F7: =D7/$D$24 -> 0 | G7: =E7/$E$24 -> 0 | J7: =H7/$H$24 -> 0 | K7: =I7/$I$24 -> 0 | N7: =L7/$L$24 -> 0 | O7: =M7/$M$24 -> 0 | R7: =P7/$P$24 -> #DIV/0! | S7: =Q7/$Q$24 -> #DIV/0! | V7: =T7/$T$24 -> #DIV/0! | W7: =U7/$U$24 -> #DIV/0! | Z7: =X7/$X$24 -> #DIV/0! | AA7: =Y7/$Y$24 -> #DIV/0! | AD7: =AB7/$AB$24 -> #DIV/0! | AE7: =AC7/$AC$24 -> #DIV/0! | AH7: =AF7/$AF$24 -> #DIV/0! | AI7: =AG7/$AG$24 -> #DIV/0! | AL7: =AJ7/$AJ$24 -> #DIV/0! | AM7: =AK7/$AK$24 -> #DIV/0! | AP7: =AN7/$AN$24 -> #DIV/0! | AQ7: =AO7/$AO$24 -> #DIV/0! | AT7: =AR7/$AR$24 -> #DIV/0! | AU7: =AS7/$AS$24 -> #DIV/0! | AX7: =AV7/$AJ$24 -> #DIV/0! | AY7: =AW7/$AK$24 -> #DIV/0! | AZ7: =E7+I7+M7+Q7+U7+Y7+AC7+AG7+AK7+AO7+AS7+AW7 -> 0 | BA7: =AVERAGE(F7,J7,N7,R7,V7,Z7,AD7,AH7,AL7,AP7,AT7,AX7) -> #DIV/0! | BB7: =AVERAGE(G7,K7,O7,S7,W7,AA7,AE7,AI7,AM7,AQ7,AU7,AY7) -> #DIV/0! | BC7: =E7+I7+M7 -> 0 | BD7: =Q7+U7+Y7 -> 0 | BE7: =AC7+AG7+AK7 -> 0 | BF7: =AO7+AS7+AW7 -> 0
B8: =B7+1 -> 2 | C8: Keuangan & Akunting | F8: =D8/$D$24 -> 0 | G8: =E8/$E$24 -> 0 | J8: =H8/$H$24 -> 0 | K8: =I8/$I$24 -> 0 | N8: =L8/$L$24 -> 0 | O8: =M8/$M$24 -> 0 | R8: =P8/$P$24 -> #DIV/0! | S8: =Q8/$Q$24 -> #DIV/0! | V8: =T8/$T$24 -> #DIV/0! | W8: =U8/$U$24 -> #DIV/0! | Z8: =X8/$X$24 -> #DIV/0! | AA8: =Y8/$Y$24 -> #DIV/0! | AD8: =AB8/$AB$24 -> #DIV/0! | AE8: =AC8/$AC$24 -> #DIV/0! | AH8: =AF8/$AF$24 -> #DIV/0! | AI8: =AG8/$AG$24 -> #DIV/0! | AL8: =AJ8/$AJ$24 -> #DIV/0! | AM8: =AK8/$AK$24 -> #DIV/0! | AP8: =AN8/$AN$24 -> #DIV/0! | AQ8: =AO8/$AO$24 -> #DIV/0! | AT8: =AR8/$AR$24 -> #DIV/0! | AU8: =AS8/$AS$24 -> #DIV/0! | AX8: =AV8/$AJ$24 -> #DIV/0! | AY8: =AW8/$AK$24 -> #DIV/0! | AZ8: =E8+I8+M8+Q8+U8+Y8+AC8+AG8+AK8+AO8+AS8+AW8 -> 0 | BA8: =AVERAGE(F8,J8,N8,R8,V8,Z8,AD8,AH8,AL8,AP8,AT8,AX8) -> #DIV/0! | BB8: =AVERAGE(G8,K8,O8,S8,W8,AA8,AE8,AI8,AM8,AQ8,AU8,AY8) -> #DIV/0! | BC8: =E8+I8+M8 -> 0 | BD8: =Q8+U8+Y8 -> 0 | BE8: =AC8+AG8+AK8 -> 0 | BF8: =AO8+AS8+AW8 -> 0
B9: =B8+1 -> 3 | C9: Marketing | D9: 2 | E9: 24420074 | F9: =D9/$D$24 -> 0.11111111 | G9: =E9/$E$24 -> 0.11875571 | H9: 2 | I9: 22887764 | J9: =H9/$H$24 -> 0.125 | K9: =I9/$I$24 -> 0.13085235 | L9: 2 | M9: 22291358 | N9: =L9/$L$24 -> 0.125 | O9: =M9/$M$24 -> 0.13036495 | R9: =P9/$P$24 -> #DIV/0! | S9: =Q9/$Q$24 -> #DIV/0! | V9: =T9/$T$24 -> #DIV/0! | W9: =U9/$U$24 -> #DIV/0! | Z9: =X9/$X$24 -> #DIV/0! | AA9: =Y9/$Y$24 -> #DIV/0! | AD9: =AB9/$AB$24 -> #DIV/0! | AE9: =AC9/$AC$24 -> #DIV/0! | AH9: =AF9/$AF$24 -> #DIV/0! | AI9: =AG9/$AG$24 -> #DIV/0! | AL9: =AJ9/$AJ$24 -> #DIV/0! | AM9: =AK9/$AK$24 -> #DIV/0! | AP9: =AN9/$AN$24 -> #DIV/0! | AQ9: =AO9/$AO$24 -> #DIV/0! | AT9: =AR9/$AR$24 -> #DIV/0! | AU9: =AS9/$AS$24 -> #DIV/0! | AX9: =AV9/$AJ$24 -> #DIV/0! | AY9: =AW9/$AK$24 -> #DIV/0! | AZ9: =E9+I9+M9+Q9+U9+Y9+AC9+AG9+AK9+AO9+AS9+AW9 -> 69599196 | BA9: =AVERAGE(F9,J9,N9,R9,V9,Z9,AD9,AH9,AL9,AP9,AT9,AX9) -> #DIV/0! | BB9: =AVERAGE(G9,K9,O9,S9,W9,AA9,AE9,AI9,AM9,AQ9,AU9,AY9) -> #DIV/0! | BC9: =E9+I9+M9 -> 69599196 | BD9: =Q9+U9+Y9 -> 0 | BE9: =AC9+AG9+AK9 -> 0 | BF9: =AO9+AS9+AW9 -> 0
B10: =B9+1 -> 4 | C10: Elektrikal | D10: 16 | E10: 181212765 | F10: =D10/$D$24 -> 0.88888889 | G10: =E10/$E$24 -> 0.88124429 | H10: 14 | I10: 152025135 | J10: =H10/$H$24 -> 0.875 | K10: =I10/$I$24 -> 0.86914765 | L10: 14 | M10: 148700595 | N10: =L10/$L$24 -> 0.875 | O10: =M10/$M$24 -> 0.86963505 | R10: =P10/$P$24 -> #DIV/0! | S10: =Q10/$Q$24 -> #DIV/0! | V10: =T10/$T$24 -> #DIV/0! | W10: =U10/$U$24 -> #DIV/0! | Z10: =X10/$X$24 -> #DIV/0! | AA10: =Y10/$Y$24 -> #DIV/0! | AD10: =AB10/$AB$24 -> #DIV/0! | AE10: =AC10/$AC$24 -> #DIV/0! | AH10: =AF10/$AF$24 -> #DIV/0! | AI10: =AG10/$AG$24 -> #DIV/0! | AL10: =AJ10/$AJ$24 -> #DIV/0! | AM10: =AK10/$AK$24 -> #DIV/0! | AP10: =AN10/$AN$24 -> #DIV/0! | AQ10: =AO10/$AO$24 -> #DIV/0! | AT10: =AR10/$AR$24 -> #DIV/0! | AU10: =AS10/$AS$24 -> #DIV/0! | AX10: =AV10/$AJ$24 -> #DIV/0! | AY10: =AW10/$AK$24 -> #DIV/0! | AZ10: =E10+I10+M10+Q10+U10+Y10+AC10+AG10+AK10+AO10+AS10+AW10 -> 481938495 | BA10: =AVERAGE(F10,J10,N10,R10,V10,Z10,AD10,AH10,AL10,AP10,AT10,AX10) -> #DIV/0! | BB10: =AVERAGE(G10,K10,O10,S10,W10,AA10,AE10,AI10,AM10,AQ10,AU10,AY10) -> #DIV/0! | BC10: =E10+I10+M10 -> 481938495 | BD10: =Q10+U10+Y10 -> 0 | BE10: =AC10+AG10+AK10 -> 0 | BF10: =AO10+AS10+AW10 -> 0
B11: =B10+1 -> 5 | C11: Purchasing & EIM | F11: =D11/$D$24 -> 0 | G11: =E11/$E$24 -> 0 | J11: =H11/$H$24 -> 0 | K11: =I11/$I$24 -> 0 | N11: =L11/$L$24 -> 0 | O11: =M11/$M$24 -> 0 | R11: =P11/$P$24 -> #DIV/0! | S11: =Q11/$Q$24 -> #DIV/0! | V11: =T11/$T$24 -> #DIV/0! | W11: =U11/$U$24 -> #DIV/0! | Z11: =X11/$X$24 -> #DIV/0! | AA11: =Y11/$Y$24 -> #DIV/0! | AD11: =AB11/$AB$24 -> #DIV/0! | AE11: =AC11/$AC$24 -> #DIV/0! | AH11: =AF11/$AF$24 -> #DIV/0! | AI11: =AG11/$AG$24 -> #DIV/0! | AL11: =AJ11/$AJ$24 -> #DIV/0! | AM11: =AK11/$AK$24 -> #DIV/0! | AP11: =AN11/$AN$24 -> #DIV/0! | AQ11: =AO11/$AO$24 -> #DIV/0! | AT11: =AR11/$AR$24 -> #DIV/0! | AU11: =AS11/$AS$24 -> #DIV/0! | AX11: =AV11/$AJ$24 -> #DIV/0! | AY11: =AW11/$AK$24 -> #DIV/0! | AZ11: =E11+I11+M11+Q11+U11+Y11+AC11+AG11+AK11+AO11+AS11+AW11 -> 0 | BA11: =AVERAGE(F11,J11,N11,R11,V11,Z11,AD11,AH11,AL11,AP11,AT11,AX11) -> #DIV/0! | BB11: =AVERAGE(G11,K11,O11,S11,W11,AA11,AE11,AI11,AM11,AQ11,AU11,AY11) -> #DIV/0! | BC11: =E11+I11+M11 -> 0 | BD11: =Q11+U11+Y11 -> 0 | BE11: =AC11+AG11+AK11 -> 0 | BF11: =AO11+AS11+AW11 -> 0
B12: =B11+1 -> 6 | C12: HRD,GA & Legal | F12: =D12/$D$24 -> 0 | G12: =E12/$E$24 -> 0 | J12: =H12/$H$24 -> 0 | K12: =I12/$I$24 -> 0 | N12: =L12/$L$24 -> 0 | O12: =M12/$M$24 -> 0 | R12: =P12/$P$24 -> #DIV/0! | S12: =Q12/$Q$24 -> #DIV/0! | V12: =T12/$T$24 -> #DIV/0! | W12: =U12/$U$24 -> #DIV/0! | Z12: =X12/$X$24 -> #DIV/0! | AA12: =Y12/$Y$24 -> #DIV/0! | AD12: =AB12/$AB$24 -> #DIV/0! | AE12: =AC12/$AC$24 -> #DIV/0! | AH12: =AF12/$AF$24 -> #DIV/0! | AI12: =AG12/$AG$24 -> #DIV/0! | AL12: =AJ12/$AJ$24 -> #DIV/0! | AM12: =AK12/$AK$24 -> #DIV/0! | AP12: =AN12/$AN$24 -> #DIV/0! | AQ12: =AO12/$AO$24 -> #DIV/0! | AT12: =AR12/$AR$24 -> #DIV/0! | AU12: =AS12/$AS$24 -> #DIV/0! | AX12: =AV12/$AJ$24 -> #DIV/0! | AY12: =AW12/$AK$24 -> #DIV/0! | AZ12: =E12+I12+M12+Q12+U12+Y12+AC12+AG12+AK12+AO12+AS12+AW12 -> 0 | BA12: =AVERAGE(F12,J12,N12,R12,V12,Z12,AD12,AH12,AL12,AP12,AT12,AX12) -> #DIV/0! | BB12: =AVERAGE(G12,K12,O12,S12,W12,AA12,AE12,AI12,AM12,AQ12,AU12,AY12) -> #DIV/0! | BC12: =E12+I12+M12 -> 0 | BD12: =Q12+U12+Y12 -> 0 | BE12: =AC12+AG12+AK12 -> 0 | BF12: =AO12+AS12+AW12 -> 0
B13: =B12+1 -> 7 | C13: HRD,GA & Legal (SECURITY) | F13: =D13/$D$24 -> 0 | G13: =E13/$E$24 -> 0 | J13: =H13/$H$24 -> 0 | K13: =I13/$I$24 -> 0 | N13: =L13/$L$24 -> 0 | O13: =M13/$M$24 -> 0 | R13: =P13/$P$24 -> #DIV/0! | S13: =Q13/$Q$24 -> #DIV/0! | V13: =T13/$T$24 -> #DIV/0! | W13: =U13/$U$24 -> #DIV/0! | Z13: =X13/$X$24 -> #DIV/0! | AA13: =Y13/$Y$24 -> #DIV/0! | AD13: =AB13/$AB$24 -> #DIV/0! | AE13: =AC13/$AC$24 -> #DIV/0! | AH13: =AF13/$AF$24 -> #DIV/0! | AI13: =AG13/$AG$24 -> #DIV/0! | AL13: =AJ13/$AJ$24 -> #DIV/0! | AM13: =AK13/$AK$24 -> #DIV/0! | AP13: =AN13/$AN$24 -> #DIV/0! | AQ13: =AO13/$AO$24 -> #DIV/0! | AT13: =AR13/$AR$24 -> #DIV/0! | AU13: =AS13/$AS$24 -> #DIV/0! | AX13: =AV13/$AJ$24 -> #DIV/0! | AY13: =AW13/$AK$24 -> #DIV/0! | BA13: =AVERAGE(F13,J13,N13,R13,V13,Z13,AD13,AH13,AL13,AP13,AT13,AX13) -> #DIV/0! | BB13: =AVERAGE(G13,K13,O13,S13,W13,AA13,AE13,AI13,AM13,AQ13,AU13,AY13) -> #DIV/0! | BC13: =E13+I13+M13 -> 0 | BD13: =Q13+U13+Y13 -> 0 | BE13: =AC13+AG13+AK13 -> 0 | BF13: =AO13+AS13+AW13 -> 0
B14: =B13+1 -> 8 | C14: MR, QC & HSE | F14: =D14/$D$24 -> 0 | G14: =E14/$E$24 -> 0 | J14: =H14/$H$24 -> 0 | K14: =I14/$I$24 -> 0 | N14: =L14/$L$24 -> 0 | O14: =M14/$M$24 -> 0 | R14: =P14/$P$24 -> #DIV/0! | S14: =Q14/$Q$24 -> #DIV/0! | V14: =T14/$T$24 -> #DIV/0! | W14: =U14/$U$24 -> #DIV/0! | Z14: =X14/$X$24 -> #DIV/0! | AA14: =Y14/$Y$24 -> #DIV/0! | AD14: =AB14/$AB$24 -> #DIV/0! | AE14: =AC14/$AC$24 -> #DIV/0! | AH14: =AF14/$AF$24 -> #DIV/0! | AI14: =AG14/$AG$24 -> #DIV/0! | AL14: =AJ14/$AJ$24 -> #DIV/0! | AM14: =AK14/$AK$24 -> #DIV/0! | AP14: =AN14/$AN$24 -> #DIV/0! | AQ14: =AO14/$AO$24 -> #DIV/0! | AT14: =AR14/$AR$24 -> #DIV/0! | AU14: =AS14/$AS$24 -> #DIV/0! | AX14: =AV14/$AJ$24 -> #DIV/0! | AY14: =AW14/$AK$24 -> #DIV/0! | AZ14: =E14+I14+M14+Q14+U14+Y14+AC14+AG14+AK14+AO14+AS14+AW14 -> 0 | BA14: =AVERAGE(F14,J14,N14,R14,V14,Z14,AD14,AH14,AL14,AP14,AT14,AX14) -> #DIV/0! | BB14: =AVERAGE(G14,K14,O14,S14,W14,AA14,AE14,AI14,AM14,AQ14,AU14,AY14) -> #DIV/0! | BC14: =E14+I14+M14 -> 0 | BD14: =Q14+U14+Y14 -> 0 | BE14: =AC14+AG14+AK14 -> 0 | BF14: =AO14+AS14+AW14 -> 0
B15: =B14+1 -> 9 | C15: PPIC | F15: =D15/$D$24 -> 0 | G15: =E15/$E$24 -> 0 | J15: =H15/$H$24 -> 0 | K15: =I15/$I$24 -> 0 | N15: =L15/$L$24 -> 0 | O15: =M15/$M$24 -> 0 | R15: =P15/$P$24 -> #DIV/0! | S15: =Q15/$Q$24 -> #DIV/0! | V15: =T15/$T$24 -> #DIV/0! | W15: =U15/$U$24 -> #DIV/0! | Z15: =X15/$X$24 -> #DIV/0! | AA15: =Y15/$Y$24 -> #DIV/0! | AD15: =AB15/$AB$24 -> #DIV/0! | AE15: =AC15/$AC$24 -> #DIV/0! | AH15: =AF15/$AF$24 -> #DIV/0! | AI15: =AG15/$AG$24 -> #DIV/0! | AL15: =AJ15/$AJ$24 -> #DIV/0! | AM15: =AK15/$AK$24 -> #DIV/0! | AP15: =AN15/$AN$24 -> #DIV/0! | AQ15: =AO15/$AO$24 -> #DIV/0! | AT15: =AR15/$AR$24 -> #DIV/0! | AU15: =AS15/$AS$24 -> #DIV/0! | AX15: =AV15/$AJ$24 -> #DIV/0! | AY15: =AW15/$AK$24 -> #DIV/0! | AZ15: =E15+I15+M15+Q15+U15+Y15+AC15+AG15+AK15+AO15+AS15+AW15 -> 0 | BA15: =AVERAGE(F15,J15,N15,R15,V15,Z15,AD15,AH15,AL15,AP15,AT15,AX15) -> #DIV/0! | BB15: =AVERAGE(G15,K15,O15,S15,W15,AA15,AE15,AI15,AM15,AQ15,AU15,AY15) -> #DIV/0! | BC15: =E15+I15+M15 -> 0 | BD15: =Q15+U15+Y15 -> 0 | BE15: =AC15+AG15+AK15 -> 0 | BF15: =AO15+AS15+AW15 -> 0
B16: =B15+1 -> 10 | C16: Produksi Cable Tray & Pole | F16: =D16/$D$24 -> 0 | G16: =E16/$E$24 -> 0 | J16: =H16/$H$24 -> 0 | K16: =I16/$I$24 -> 0 | N16: =L16/$L$24 -> 0 | O16: =M16/$M$24 -> 0 | R16: =P16/$P$24 -> #DIV/0! | S16: =Q16/$Q$24 -> #DIV/0! | V16: =T16/$T$24 -> #DIV/0! | W16: =U16/$U$24 -> #DIV/0! | Z16: =X16/$X$24 -> #DIV/0! | AA16: =Y16/$Y$24 -> #DIV/0! | AD16: =AB16/$AB$24 -> #DIV/0! | AE16: =AC16/$AC$24 -> #DIV/0! | AH16: =AF16/$AF$24 -> #DIV/0! | AI16: =AG16/$AG$24 -> #DIV/0! | AL16: =AJ16/$AJ$24 -> #DIV/0! | AM16: =AK16/$AK$24 -> #DIV/0! | AP16: =AN16/$AN$24 -> #DIV/0! | AQ16: =AO16/$AO$24 -> #DIV/0! | AT16: =AR16/$AR$24 -> #DIV/0! | AU16: =AS16/$AS$24 -> #DIV/0! | AX16: =AV16/$AJ$24 -> #DIV/0! | AY16: =AW16/$AK$24 -> #DIV/0! | AZ16: =E16+I16+M16+Q16+U16+Y16+AC16+AG16+AK16+AO16+AS16+AW16 -> 0 | BA16: =AVERAGE(F16,J16,N16,R16,V16,Z16,AD16,AH16,AL16,AP16,AT16,AX16) -> #DIV/0! | BB16: =AVERAGE(G16,K16,O16,S16,W16,AA16,AE16,AI16,AM16,AQ16,AU16,AY16) -> #DIV/0! | BC16: =E16+I16+M16 -> 0 | BD16: =Q16+U16+Y16 -> 0 | BE16: =AC16+AG16+AK16 -> 0 | BF16: =AO16+AS16+AW16 -> 0
B17: =B16+1 -> 11 | C17: Produksi Panel | F17: =D17/$D$24 -> 0 | G17: =E17/$E$24 -> 0 | J17: =H17/$H$24 -> 0 | K17: =I17/$I$24 -> 0 | N17: =L17/$L$24 -> 0 | O17: =M17/$M$24 -> 0 | R17: =P17/$P$24 -> #DIV/0! | S17: =Q17/$Q$24 -> #DIV/0! | V17: =T17/$T$24 -> #DIV/0! | W17: =U17/$U$24 -> #DIV/0! | Z17: =X17/$X$24 -> #DIV/0! | AA17: =Y17/$Y$24 -> #DIV/0! | AD17: =AB17/$AB$24 -> #DIV/0! | AE17: =AC17/$AC$24 -> #DIV/0! | AH17: =AF17/$AF$24 -> #DIV/0! | AI17: =AG17/$AG$24 -> #DIV/0! | AL17: =AJ17/$AJ$24 -> #DIV/0! | AM17: =AK17/$AK$24 -> #DIV/0! | AP17: =AN17/$AN$24 -> #DIV/0! | AQ17: =AO17/$AO$24 -> #DIV/0! | AT17: =AR17/$AR$24 -> #DIV/0! | AU17: =AS17/$AS$24 -> #DIV/0! | AX17: =AV17/$AJ$24 -> #DIV/0! | AY17: =AW17/$AK$24 -> #DIV/0! | AZ17: =E17+I17+M17+Q17+U17+Y17+AC17+AG17+AK17+AO17+AS17+AW17 -> 0 | BA17: =AVERAGE(F17,J17,N17,R17,V17,Z17,AD17,AH17,AL17,AP17,AT17,AX17) -> #DIV/0! | BB17: =AVERAGE(G17,K17,O17,S17,W17,AA17,AE17,AI17,AM17,AQ17,AU17,AY17) -> #DIV/0! | BC17: =E17+I17+M17 -> 0 | BD17: =Q17+U17+Y17 -> 0 | BE17: =AC17+AG17+AK17 -> 0 | BF17: =AO17+AS17+AW17 -> 0
B18: =B17+1 -> 12 | C18: Maintenance | F18: =D18/$D$24 -> 0 | G18: =E18/$E$24 -> 0 | J18: =H18/$H$24 -> 0 | K18: =I18/$I$24 -> 0 | N18: =L18/$L$24 -> 0 | O18: =M18/$M$24 -> 0 | R18: =P18/$P$24 -> #DIV/0! | S18: =Q18/$Q$24 -> #DIV/0! | V18: =T18/$T$24 -> #DIV/0! | W18: =U18/$U$24 -> #DIV/0! | Z18: =X18/$X$24 -> #DIV/0! | AA18: =Y18/$Y$24 -> #DIV/0! | AD18: =AB18/$AB$24 -> #DIV/0! | AE18: =AC18/$AC$24 -> #DIV/0! | AH18: =AF18/$AF$24 -> #DIV/0! | AI18: =AG18/$AG$24 -> #DIV/0! | AL18: =AJ18/$AJ$24 -> #DIV/0! | AM18: =AK18/$AK$24 -> #DIV/0! | AP18: =AN18/$AN$24 -> #DIV/0! | AQ18: =AO18/$AO$24 -> #DIV/0! | AT18: =AR18/$AR$24 -> #DIV/0! | AU18: =AS18/$AS$24 -> #DIV/0! | AX18: =AV18/$AJ$24 -> #DIV/0! | AY18: =AW18/$AK$24 -> #DIV/0! | AZ18: =E18+I18+M18+Q18+U18+Y18+AC18+AG18+AK18+AO18+AS18+AW18 -> 0 | BA18: =AVERAGE(F18,J18,N18,R18,V18,Z18,AD18,AH18,AL18,AP18,AT18,AX18) -> #DIV/0! | BB18: =AVERAGE(G18,K18,O18,S18,W18,AA18,AE18,AI18,AM18,AQ18,AU18,AY18) -> #DIV/0! | BC18: =E18+I18+M18 -> 0 | BD18: =Q18+U18+Y18 -> 0 | BE18: =AC18+AG18+AK18 -> 0 | BF18: =AO18+AS18+AW18 -> 0
B19: =B18+1 -> 13 | C19: Warehouse & Delivery | F19: =D19/$D$24 -> 0 | G19: =E19/$E$24 -> 0 | J19: =H19/$H$24 -> 0 | K19: =I19/$I$24 -> 0 | N19: =L19/$L$24 -> 0 | O19: =M19/$M$24 -> 0 | R19: =P19/$P$24 -> #DIV/0! | S19: =Q19/$Q$24 -> #DIV/0! | V19: =T19/$T$24 -> #DIV/0! | W19: =U19/$U$24 -> #DIV/0! | Z19: =X19/$X$24 -> #DIV/0! | AA19: =Y19/$Y$24 -> #DIV/0! | AD19: =AB19/$AB$24 -> #DIV/0! | AE19: =AC19/$AC$24 -> #DIV/0! | AH19: =AF19/$AF$24 -> #DIV/0! | AI19: =AG19/$AG$24 -> #DIV/0! | AL19: =AJ19/$AJ$24 -> #DIV/0! | AM19: =AK19/$AK$24 -> #DIV/0! | AP19: =AN19/$AN$24 -> #DIV/0! | AQ19: =AO19/$AO$24 -> #DIV/0! | AT19: =AR19/$AR$24 -> #DIV/0! | AU19: =AS19/$AS$24 -> #DIV/0! | AX19: =AV19/$AJ$24 -> #DIV/0! | AY19: =AW19/$AK$24 -> #DIV/0! | AZ19: =E19+I19+M19+Q19+U19+Y19+AC19+AG19+AK19+AO19+AS19+AW19 -> 0 | BA19: =AVERAGE(F19,J19,N19,R19,V19,Z19,AD19,AH19,AL19,AP19,AT19,AX19) -> #DIV/0! | BB19: =AVERAGE(G19,K19,O19,S19,W19,AA19,AE19,AI19,AM19,AQ19,AU19,AY19) -> #DIV/0! | BC19: =E19+I19+M19 -> 0 | BD19: =Q19+U19+Y19 -> 0 | BE19: =AC19+AG19+AK19 -> 0 | BF19: =AO19+AS19+AW19 -> 0
B20: =B19+1 -> 14 | C20: Elektronika | F20: =D20/$D$24 -> 0 | G20: =E20/$E$24 -> 0 | J20: =H20/$H$24 -> 0 | K20: =I20/$I$24 -> 0 | N20: =L20/$L$24 -> 0 | O20: =M20/$M$24 -> 0 | R20: =P20/$P$24 -> #DIV/0! | S20: =Q20/$Q$24 -> #DIV/0! | V20: =T20/$T$24 -> #DIV/0! | W20: =U20/$U$24 -> #DIV/0! | Z20: =X20/$X$24 -> #DIV/0! | AA20: =Y20/$Y$24 -> #DIV/0! | AD20: =AB20/$AB$24 -> #DIV/0! | AE20: =AC20/$AC$24 -> #DIV/0! | AH20: =AF20/$AF$24 -> #DIV/0! | AI20: =AG20/$AG$24 -> #DIV/0! | AL20: =AJ20/$AJ$24 -> #DIV/0! | AM20: =AK20/$AK$24 -> #DIV/0! | AP20: =AN20/$AN$24 -> #DIV/0! | AQ20: =AO20/$AO$24 -> #DIV/0! | AT20: =AR20/$AR$24 -> #DIV/0! | AU20: =AS20/$AS$24 -> #DIV/0! | AX20: =AV20/$AJ$24 -> #DIV/0! | AY20: =AW20/$AK$24 -> #DIV/0! | AZ20: =E20+I20+M20+Q20+U20+Y20+AC20+AG20+AK20+AO20+AS20+AW20 -> 0 | BA20: =AVERAGE(F20,J20,N20,R20,V20,Z20,AD20,AH20,AL20,AP20,AT20,AX20) -> #DIV/0! | BB20: =AVERAGE(G20,K20,O20,S20,W20,AA20,AE20,AI20,AM20,AQ20,AU20,AY20) -> #DIV/0! | BC20: =E20+I20+M20 -> 0 | BD20: =Q20+U20+Y20 -> 0 | BE20: =AC20+AG20+AK20 -> 0 | BF20: =AO20+AS20+AW20 -> 0
B21: =B20+1 -> 15 | C21: Engineering | F21: =D21/$D$24 -> 0 | G21: =E21/$E$24 -> 0 | J21: =H21/$H$24 -> 0 | K21: =I21/$I$24 -> 0 | N21: =L21/$L$24 -> 0 | O21: =M21/$M$24 -> 0 | R21: =P21/$P$24 -> #DIV/0! | S21: =Q21/$Q$24 -> #DIV/0! | V21: =T21/$T$24 -> #DIV/0! | W21: =U21/$U$24 -> #DIV/0! | Z21: =X21/$X$24 -> #DIV/0! | AA21: =Y21/$Y$24 -> #DIV/0! | AD21: =AB21/$AB$24 -> #DIV/0! | AE21: =AC21/$AC$24 -> #DIV/0! | AH21: =AF21/$AF$24 -> #DIV/0! | AI21: =AG21/$AG$24 -> #DIV/0! | AL21: =AJ21/$AJ$24 -> #DIV/0! | AM21: =AK21/$AK$24 -> #DIV/0! | AP21: =AN21/$AN$24 -> #DIV/0! | AQ21: =AO21/$AO$24 -> #DIV/0! | AT21: =AR21/$AR$24 -> #DIV/0! | AU21: =AS21/$AS$24 -> #DIV/0! | AX21: =AV21/$AJ$24 -> #DIV/0! | AY21: =AW21/$AK$24 -> #DIV/0! | AZ21: =E21+I21+M21+Q21+U21+Y21+AC21+AG21+AK21+AO21+AS21+AW21 -> 0 | BA21: =AVERAGE(F21,J21,N21,R21,V21,Z21,AD21,AH21,AL21,AP21,AT21,AX21) -> #DIV/0! | BB21: =AVERAGE(G21,K21,O21,S21,W21,AA21,AE21,AI21,AM21,AQ21,AU21,AY21) -> #DIV/0! | BC21: =E21+I21+M21 -> 0 | BD21: =Q21+U21+Y21 -> 0 | BE21: =AC21+AG21+AK21 -> 0 | BF21: =AO21+AS21+AW21 -> 0
B22: =B21+1 -> 16 | C22: IT | F22: =D22/$D$24 -> 0 | G22: =E22/$E$24 -> 0 | J22: =H22/$H$24 -> 0 | K22: =I22/$I$24 -> 0 | N22: =L22/$L$24 -> 0 | O22: =M22/$M$24 -> 0 | R22: =P22/$P$24 -> #DIV/0! | S22: =Q22/$Q$24 -> #DIV/0! | V22: =T22/$T$24 -> #DIV/0! | W22: =U22/$U$24 -> #DIV/0! | Z22: =X22/$X$24 -> #DIV/0! | AA22: =Y22/$Y$24 -> #DIV/0! | AD22: =AB22/$AB$24 -> #DIV/0! | AE22: =AC22/$AC$24 -> #DIV/0! | AH22: =AF22/$AF$24 -> #DIV/0! | AI22: =AG22/$AG$24 -> #DIV/0! | AL22: =AJ22/$AJ$24 -> #DIV/0! | AM22: =AK22/$AK$24 -> #DIV/0! | AP22: =AN22/$AN$24 -> #DIV/0! | AQ22: =AO22/$AO$24 -> #DIV/0! | AT22: =AR22/$AR$24 -> #DIV/0! | AU22: =AS22/$AS$24 -> #DIV/0! | AX22: =AV22/$AJ$24 -> #DIV/0! | AY22: =AW22/$AK$24 -> #DIV/0! | AZ22: =E22+I22+M22+Q22+U22+Y22+AC22+AG22+AK22+AO22+AS22+AW22 -> 0 | BA22: =AVERAGE(F22,J22,N22,R22,V22,Z22,AD22,AH22,AL22,AP22,AT22,AX22) -> #DIV/0! | BB22: =AVERAGE(G22,K22,O22,S22,W22,AA22,AE22,AI22,AM22,AQ22,AU22,AY22) -> #DIV/0! | BC22: =E22+I22+M22 -> 0 | BD22: =Q22+U22+Y22 -> 0 | BE22: =AC22+AG22+AK22 -> 0 | BF22: =AO22+AS22+AW22 -> 0
C24: Total | D24: =SUM(D7:D23) -> 18 | E24: =SUM(E7:E23) -> 205632839 | F24: =SUM(F7:F23) -> 1 | G24: =SUM(G7:G23) -> 1 | H24: =SUM(H7:H23) -> 16 | I24: =SUM(I7:I23) -> 174912899 | J24: =SUM(J7:J23) -> 1 | K24: =SUM(K7:K23) -> 1 | ... AM24: =SUM(AM7:AM23) -> #DIV/0! | AN24: =SUM(AN7:AN22) -> 0 | AO24: =SUM(AO7:AO23) -> 0 | AP24: =SUM(AP7:AP23) -> #DIV/0! | AQ24: =SUM(AQ7:AQ23) -> #DIV/0! | AR24: =SUM(AR7:AR22) -> 0 | AS24: =SUM(AS7:AS23) -> 0 | AT24: =SUM(AT7:AT23) -> #DIV/0! | AU24: =SUM(AU7:AU23) -> #DIV/0! | AV24: =SUM(AV7:AV22) -> 0 | AW24: =SUM(AW7:AW23) -> 0 | AX24: =SUM(AX7:AX23) -> #DIV/0! | AY24: =SUM(AY7:AY23) -> #DIV/0! | AZ24: =SUM(AZ7:AZ23) -> 551537691 | BA24: =SUM(BA7:BA23) -> #DIV/0! | BB24: =SUM(BB7:BB23) -> #DIV/0! | BC24: =SUM(BC7:BC23) -> 551537691 | BD24: =SUM(BD7:BD23) -> 0 | ... BF24: =SUM(BF7:BF23) -> 0
AW26: Jan - Mar 2025 | AX26: Upah | AY26: Pekerja Produksi | AZ26: =BC10+BC16+BC17 -> 481938495
AY27: Pekerja Lainnya | AZ27: =BC7+BC8+BC9+BC11+BC12+BC14+BC15+BC18+BC19+BC20+BC21+BC22 -> 69599196
AW29: Apr - Juni 2025 | AX29: Lainnya | AY29: Pekerja Produksi | AZ29: =BD10+BD16+BD17 -> 0
AY30: Pekerja Lainnya | AZ30: =BD7+BD8+BD9+BD11+BD12+BD14+BD15+BD18+BD19+BD20+BD21+BD22 -> 0
AW32: Jul - Sept 2025 | AX32: Upah | AY32: Pekerja Produksi | AZ32: =BE10+BE16+BE17 -> 0
AY33: Pekerja Lainnya | AZ33: =BE7+BE8+BE9+BE11+BE12+BE14+BE15+BE18+BE19+BE20+BE21+BE22 -> 0
AW35: Okt - Des 2025 | AX35: Lainnya | AY35: Pekerja Produksi | AZ35: =BF10+BF16+BF17 -> 0
AY36: Pekerja Lainnya | AZ36: =BF7+BF8+BF9+BF11+BF12+BF14+BF15+BF18+BF19+BF20+BF21+BF22 -> 0

Sheet 2026-PKL NPA
B1: PT. NOBI PUTRA ANGKASA
B2: REKAPITULASI PEMBAYARAN BIAYA PKL
B3: TAHUN 2026
B5: No. | C5: Uraian | D5: Januari | H5: Februari | L5: Maret | P5: April | T5: Mei | X5: Juni | AB5: Juli | AF5: Agustus | AJ5: September | AN5: Oktober | AR5: Nopember | AV5: Desember
C6: PKL | D6: Jml Kary. | E6: Nilai | F6: % JK | G6: % GJ | H6: Jml Kary. | I6: Nilai | J6: % JK | K6: % GJ | L6: Jml Kary. | M6: Nilai | N6: % JK | O6: % GJ | P6: Jml Kary. | Q6: Nilai | R6: % JK | S6: % GJ | T6: Jml Kary. | U6: Nilai | V6: % JK | W6: % GJ | X6: Jml Kary. | Y6: Nilai | Z6: % JK | AA6: % GJ | AB6: Jml Kary. | AC6: Nilai | AD6: % JK | AE6: % GJ | AF6: Jml Kary. | AG6: Nilai | AH6: % JK | AI6: % GJ | AJ6: Jml Kary. | AK6: Nilai | AL6: % JK | AM6: % GJ | AN6: Jml Kary. | AO6: Nilai | AP6: % JK | AQ6: % GJ | AR6: Jml Kary. | AS6: Nilai | AT6: % JK | AU6: % GJ | AV6: Jml Kary. | AW6: Nilai | AX6: % JK | AY6: % GJ | AZ6: Jml Kary. | BA6: Nilai | BB6: % JK | BC6: % GJ | BD6: TOTAL | BE6: % JK | BF6: % GJ
B7: 1 | C7: None | F7: =D7/$D$24 -> 0 | G7: =E7/$E$24 -> 0 | J7: =H7/$H$24 -> 0 | K7: =I7/$I$24 -> 0 | N7: =L7/$L$24 -> 0 | O7: =M7/$M$24 -> 0 | R7: =P7/$P$24 -> #DIV/0! | S7: =Q7/$Q$24 -> #DIV/0! | V7: =T7/$T$24 -> #DIV/0! | W7: =U7/$U$24 -> #DIV/0! | X7: 0 | Z7: =X7/$X$24 -> #DIV/0! | AA7: =Y7/$Y$24 -> #DIV/0! | AD7: =AB7/$AB$24 -> #DIV/0! | AE7: =AC7/$AC$24 -> #DIV/0! | AH7: =AF7/$AF$24 -> #DIV/0! | AI7: =AG7/$AG$24 -> #DIV/0! | AL7: =AJ7/$AJ$24 -> #DIV/0! | AM7: =AK7/$AK$24 -> #DIV/0! | AP7: =AN7/$AN$24 -> #DIV/0! | AQ7: =AO7/$AO$24 -> #DIV/0! | AT7: =AR7/$AN$24 -> #DIV/0! | AU7: =AS7/$AO$24 -> #DIV/0! | AX7: =AV7/$AN$24 -> #DIV/0! | AY7: =AW7/$AO$24 -> #DIV/0! | BB7: =AZ7/$AN$24 -> #DIV/0! | BC7: =BA7/$AO$24 -> #DIV/0! | BD7: =E7+I7+M7+Q7+Y7+AC7+AG7+AK7+AO7+AS7+AW7+BA7 -> 0 | BE7: =AVERAGE(F7,J7,N7,R7,Z7,AD7,AH7,AL7,AP7,AT7,AX7,BB7) -> #DIV/0! | BF7: =AVERAGE(G7,K7,O7,S7,AA7,AE7,AI7,AM7,AQ7,AU7,AY7,BC7) -> #DIV/0!
B8: =B7+1 -> 2 | C8: Keuangan & Akunting | F8: =D8/$D$24 -> 0 | G8: =E8/$E$24 -> 0 | J8: =H8/$H$24 -> 0 | K8: =I8/$I$24 -> 0 | N8: =L8/$L$24 -> 0 | O8: =M8/$M$24 -> 0 | R8: =P8/$P$24 -> #DIV/0! | S8: =Q8/$Q$24 -> #DIV/0! | V8: =T8/$T$24 -> #DIV/0! | W8: =U8/$U$24 -> #DIV/0! | Z8: =X8/$X$24 -> #DIV/0! | AA8: =Y8/$Y$24 -> #DIV/0! | AD8: =AB8/$AB$24 -> #DIV/0! | AE8: =AC8/$AC$24 -> #DIV/0! | AH8: =AF8/$AF$24 -> #DIV/0! | AI8: =AG8/$AG$24 -> #DIV/0! | AL8: =AJ8/$AJ$24 -> #DIV/0! | AM8: =AK8/$AK$24 -> #DIV/0! | AP8: =AN8/$AN$24 -> #DIV/0! | AQ8: =AO8/$AO$24 -> #DIV/0! | AT8: =AR8/$AN$24 -> #DIV/0! | AU8: =AS8/$AO$24 -> #DIV/0! | AX8: =AV8/$AN$24 -> #DIV/0! | AY8: =AW8/$AO$24 -> #DIV/0! | BB8: =AZ8/$AN$24 -> #DIV/0! | BC8: =BA8/$AO$24 -> #DIV/0! | BD8: =E8+I8+M8+Q8+Y8+AC8+AG8+AK8+AO8+AS8+AW8+BA8 -> 0 | BE8: =AVERAGE(F8,J8,N8,R8,Z8,AD8,AH8,AL8,AP8,AT8,AX8,BB8) -> #DIV/0! | BF8: =AVERAGE(G8,K8,O8,S8,AA8,AE8,AI8,AM8,AQ8,AU8,AY8,BC8) -> #DIV/0!
B9: =B8+1 -> 3 | C9: Marketing | F9: =D9/$D$24 -> 0 | G9: =E9/$E$24 -> 0 | J9: =H9/$H$24 -> 0 | K9: =I9/$I$24 -> 0 | N9: =L9/$L$24 -> 0 | O9: =M9/$M$24 -> 0 | R9: =P9/$P$24 -> #DIV/0! | S9: =Q9/$Q$24 -> #DIV/0! | V9: =T9/$T$24 -> #DIV/0! | W9: =U9/$U$24 -> #DIV/0! | Z9: =X9/$X$24 -> #DIV/0! | AA9: =Y9/$Y$24 -> #DIV/0! | AD9: =AB9/$AB$24 -> #DIV/0! | AE9: =AC9/$AC$24 -> #DIV/0! | AH9: =AF9/$AF$24 -> #DIV/0! | AI9: =AG9/$AG$24 -> #DIV/0! | AL9: =AJ9/$AJ$24 -> #DIV/0! | AM9: =AK9/$AK$24 -> #DIV/0! | AP9: =AN9/$AN$24 -> #DIV/0! | AQ9: =AO9/$AO$24 -> #DIV/0! | AT9: =AR9/$AN$24 -> #DIV/0! | AU9: =AS9/$AO$24 -> #DIV/0! | AX9: =AV9/$AN$24 -> #DIV/0! | AY9: =AW9/$AO$24 -> #DIV/0! | BB9: =AZ9/$AN$24 -> #DIV/0! | BC9: =BA9/$AO$24 -> #DIV/0! | BD9: =E9+I9+M9+Q9+Y9+AC9+AG9+AK9+AO9+AS9+AW9+BA9 -> 0 | BE9: =AVERAGE(F9,J9,N9,R9,Z9,AD9,AH9,AL9,AP9,AT9,AX9,BB9) -> #DIV/0! | BF9: =AVERAGE(G9,K9,O9,S9,AA9,AE9,AI9,AM9,AQ9,AU9,AY9,BC9) -> #DIV/0!
B10: =B9+1 -> 4 | C10: Elektrikal | F10: =D10/$D$24 -> 0 | G10: =E10/$E$24 -> 0 | H10: 5 | I10: 1350000 | J10: =H10/$H$24 -> 0.23809524 | K10: =I10/$I$24 -> 0.34465152 | L10: 5 | M10: 2800000 | N10: =L10/$L$24 -> 0.23809524 | O10: =M10/$M$24 -> 0.24115063 | R10: =P10/$P$24 -> #DIV/0! | S10: =Q10/$Q$24 -> #DIV/0! | V10: =T10/$T$24 -> #DIV/0! | W10: =U10/$U$24 -> #DIV/0! | Z10: =X10/$X$24 -> #DIV/0! | AA10: =Y10/$Y$24 -> #DIV/0! | AD10: =AB10/$AB$24 -> #DIV/0! | AE10: =AC10/$AC$24 -> #DIV/0! | AH10: =AF10/$AF$24 -> #DIV/0! | AI10: =AG10/$AG$24 -> #DIV/0! | AL10: =AJ10/$AJ$24 -> #DIV/0! | AM10: =AK10/$AK$24 -> #DIV/0! | AP10: =AN10/$AN$24 -> #DIV/0! | AQ10: =AO10/$AO$24 -> #DIV/0! | AT10: =AR10/$AN$24 -> #DIV/0! | AU10: =AS10/$AO$24 -> #DIV/0! | AX10: =AV10/$AN$24 -> #DIV/0! | AY10: =AW10/$AO$24 -> #DIV/0! | BB10: =AZ10/$AN$24 -> #DIV/0! | BC10: =BA10/$AO$24 -> #DIV/0! | BD10: =E10+I10+M10+Q10+Y10+AC10+AG10+AK10+AO10+AS10+AW10+BA10 -> 4150000 | BE10: =AVERAGE(F10,J10,N10,R10,Z10,AD10,AH10,AL10,AP10,AT10,AX10,BB10) -> #DIV/0! | BF10: =AVERAGE(G10,K10,O10,S10,AA10,AE10,AI10,AM10,AQ10,AU10,AY10,BC10) -> #DIV/0!
B11: =B10+1 -> 5 | C11: Purchasing & EIM | F11: =D11/$D$24 -> 0 | G11: =E11/$E$24 -> 0 | J11: =H11/$H$24 -> 0 | K11: =I11/$I$24 -> 0 | N11: =L11/$L$24 -> 0 | O11: =M11/$M$24 -> 0 | R11: =P11/$P$24 -> #DIV/0! | S11: =Q11/$Q$24 -> #DIV/0! | V11: =T11/$T$24 -> #DIV/0! | W11: =U11/$U$24 -> #DIV/0! | Z11: =X11/$X$24 -> #DIV/0! | AA11: =Y11/$Y$24 -> #DIV/0! | AD11: =AB11/$AB$24 -> #DIV/0! | AE11: =AC11/$AC$24 -> #DIV/0! | AH11: =AF11/$AF$24 -> #DIV/0! | AI11: =AG11/$AG$24 -> #DIV/0! | AL11: =AJ11/$AJ$24 -> #DIV/0! | AM11: =AK11/$AK$24 -> #DIV/0! | AP11: =AN11/$AN$24 -> #DIV/0! | AQ11: =AO11/$AO$24 -> #DIV/0! | AT11: =AR11/$AN$24 -> #DIV/0! | AU11: =AS11/$AO$24 -> #DIV/0! | AX11: =AV11/$AN$24 -> #DIV/0! | AY11: =AW11/$AO$24 -> #DIV/0! | BB11: =AZ11/$AN$24 -> #DIV/0! | BC11: =BA11/$AO$24 -> #DIV/0! | BD11: =E11+I11+M11+Q11+Y11+AC11+AG11+AK11+AO11+AS11+AW11+BA11 -> 0 | BE11: =AVERAGE(F11,J11,N11,R11,Z11,AD11,AH11,AL11,AP11,AT11,AX11,BB11) -> #DIV/0! | BF11: =AVERAGE(G11,K11,O11,S11,AA11,AE11,AI11,AM11,AQ11,AU11,AY11,BC11) -> #DIV/0!
B12: =B11+1 -> 6 | C12: HRD,GA & Legal (OB) | F12: =D12/$D$24 -> 0 | G12: =E12/$E$24 -> 0 | J12: =H12/$H$24 -> 0 | K12: =I12/$I$24 -> 0 | N12: =L12/$L$24 -> 0 | O12: =M12/$M$24 -> 0 | R12: =P12/$P$24 -> #DIV/0! | S12: =Q12/$Q$24 -> #DIV/0! | V12: =T12/$T$24 -> #DIV/0! | W12: =U12/$U$24 -> #DIV/0! | Z12: =X12/$X$24 -> #DIV/0! | AA12: =Y12/$Y$24 -> #DIV/0! | AD12: =AB12/$AB$24 -> #DIV/0! | AE12: =AC12/$AC$24 -> #DIV/0! | AH12: =AF12/$AF$24 -> #DIV/0! | AI12: =AG12/$AG$24 -> #DIV/0! | AL12: =AJ12/$AJ$24 -> #DIV/0! | AM12: =AK12/$AK$24 -> #DIV/0! | AP12: =AN12/$AN$24 -> #DIV/0! | AQ12: =AO12/$AO$24 -> #DIV/0! | AT12: =AR12/$AN$24 -> #DIV/0! | AU12: =AS12/$AO$24 -> #DIV/0! | AX12: =AV12/$AN$24 -> #DIV/0! | AY12: =AW12/$AO$24 -> #DIV/0! | BB12: =AZ12/$AN$24 -> #DIV/0! | BC12: =BA12/$AO$24 -> #DIV/0! | BD12: =E12+I12+M12+Q12+Y12+AC12+AG12+AK12+AO12+AS12+AW12+BA12 -> 0 | BE12: =AVERAGE(F12,J12,N12,R12,Z12,AD12,AH12,AL12,AP12,AT12,AX12,BB12) -> #DIV/0! | BF12: =AVERAGE(G12,K12,O12,S12,AA12,AE12,AI12,AM12,AQ12,AU12,AY12,BC12) -> #DIV/0!
B13: =B12+1 -> 7 | C13: HRD,GA & Legal (SECURITY) | F13: =D13/$D$24 -> 0 | G13: =E13/$E$24 -> 0 | J13: =H13/$H$24 -> 0 | K13: =I13/$I$24 -> 0 | N13: =L13/$L$24 -> 0 | O13: =M13/$M$24 -> 0 | R13: =P13/$P$24 -> #DIV/0! | S13: =Q13/$Q$24 -> #DIV/0! | V13: =T13/$T$24 -> #DIV/0! | W13: =U13/$U$24 -> #DIV/0! | Z13: =X13/$X$24 -> #DIV/0! | AA13: =Y13/$Y$24 -> #DIV/0! | AD13: =AB13/$AB$24 -> #DIV/0! | AE13: =AC13/$AC$24 -> #DIV/0! | AH13: =AF13/$AF$24 -> #DIV/0! | AI13: =AG13/$AG$24 -> #DIV/0! | AL13: =AJ13/$AJ$24 -> #DIV/0! | AM13: =AK13/$AK$24 -> #DIV/0! | AP13: =AN13/$AN$24 -> #DIV/0! | AQ13: =AO13/$AO$24 -> #DIV/0! | AT13: =AR13/$AN$24 -> #DIV/0! | AU13: =AS13/$AO$24 -> #DIV/0! | AX13: =AV13/$AN$24 -> #DIV/0! | AY13: =AW13/$AO$24 -> #DIV/0! | BB13: =AZ13/$AN$24 -> #DIV/0! | BC13: =BA13/$AO$24 -> #DIV/0! | BD13: =E13+I13+M13+Q13+Y13+AC13+AG13+AK13+AO13+AS13+AW13+BA13 -> 0 | BE13: =AVERAGE(F13,J13,N13,R13,Z13,AD13,AH13,AL13,AP13,AT13,AX13,BB13) -> #DIV/0! | BF13: =AVERAGE(G13,K13,O13,S13,AA13,AE13,AI13,AM13,AQ13,AU13,AY13,BC13) -> #DIV/0!
B14: =B13+1 -> 8 | C14: MR, QC & HSE | F14: =D14/$D$24 -> 0 | G14: =E14/$E$24 -> 0 | J14: =H14/$H$24 -> 0 | K14: =I14/$I$24 -> 0 | N14: =L14/$L$24 -> 0 | O14: =M14/$M$24 -> 0 | R14: =P14/$P$24 -> #DIV/0! | S14: =Q14/$Q$24 -> #DIV/0! | V14: =T14/$T$24 -> #DIV/0! | W14: =U14/$U$24 -> #DIV/0! | Z14: =X14/$X$24 -> #DIV/0! | AA14: =Y14/$Y$24 -> #DIV/0! | AD14: =AB14/$AB$24 -> #DIV/0! | AE14: =AC14/$AC$24 -> #DIV/0! | AH14: =AF14/$AF$24 -> #DIV/0! | AI14: =AG14/$AG$24 -> #DIV/0! | AL14: =AJ14/$AJ$24 -> #DIV/0! | AM14: =AK14/$AK$24 -> #DIV/0! | AP14: =AN14/$AN$24 -> #DIV/0! | AQ14: =AO14/$AO$24 -> #DIV/0! | AT14: =AR14/$AN$24 -> #DIV/0! | AU14: =AS14/$AO$24 -> #DIV/0! | AX14: =AV14/$AN$24 -> #DIV/0! | AY14: =AW14/$AO$24 -> #DIV/0! | BB14: =AZ14/$AN$24 -> #DIV/0! | BC14: =BA14/$AO$24 -> #DIV/0! | BD14: =E14+I14+M14+Q14+Y14+AC14+AG14+AK14+AO14+AS14+AW14+BA14 -> 0 | BE14: =AVERAGE(F14,J14,N14,R14,Z14,AD14,AH14,AL14,AP14,AT14,AX14,BB14) -> #DIV/0! | BF14: =AVERAGE(G14,K14,O14,S14,AA14,AE14,AI14,AM14,AQ14,AU14,AY14,BC14) -> #DIV/0!
B15: =B14+1 -> 9 | C15: PPIC | F15: =D15/$D$24 -> 0 | G15: =E15/$E$24 -> 0 | H15: 1 | I15: 150000 | J15: =H15/$H$24 -> 0.047619048 | K15: =I15/$I$24 -> 0.038294613 | L15: 1 | M15: 975000 | N15: =L15/$L$24 -> 0.047619048 | O15: =M15/$M$24 -> 0.083972095 | R15: =P15/$P$24 -> #DIV/0! | S15: =Q15/$Q$24 -> #DIV/0! | V15: =T15/$T$24 -> #DIV/0! | W15: =U15/$U$24 -> #DIV/0! | Z15: =X15/$X$24 -> #DIV/0! | AA15: =Y15/$Y$24 -> #DIV/0! | AD15: =AB15/$AB$24 -> #DIV/0! | AE15: =AC15/$AC$24 -> #DIV/0! | AH15: =AF15/$AF$24 -> #DIV/0! | AI15: =AG15/$AG$24 -> #DIV/0! | AL15: =AJ15/$AJ$24 -> #DIV/0! | AM15: =AK15/$AK$24 -> #DIV/0! | AP15: =AN15/$AN$24 -> #DIV/0! | AQ15: =AO15/$AO$24 -> #DIV/0! | AT15: =AR15/$AN$24 -> #DIV/0! | AU15: =AS15/$AO$24 -> #DIV/0! | AX15: =AV15/$AN$24 -> #DIV/0! | AY15: =AW15/$AO$24 -> #DIV/0! | BB15: =AZ15/$AN$24 -> #DIV/0! | BC15: =BA15/$AO$24 -> #DIV/0! | BD15: =E15+I15+M15+Q15+Y15+AC15+AG15+AK15+AO15+AS15+AW15+BA15 -> 1125000 | BE15: =AVERAGE(F15,J15,N15,R15,Z15,AD15,AH15,AL15,AP15,AT15,AX15,BB15) -> #DIV/0! | BF15: =AVERAGE(G15,K15,O15,S15,AA15,AE15,AI15,AM15,AQ15,AU15,AY15,BC15) -> #DIV/0!
B16: =B15+1 -> 10 | C16: Produksi Cable Tray & Pole | D16: 5 | E16: 684000 | F16: =D16/$D$24 -> 0.27777778 | G16: =E16/$E$24 -> 0.29255774 | H16: 5 | I16: 525000 | J16: =H16/$H$24 -> 0.23809524 | K16: =I16/$I$24 -> 0.13403115 | L16: 5 | M16: 2295000 | N16: =L16/$L$24 -> 0.23809524 | O16: =M16/$M$24 -> 0.19765739 | R16: =P16/$P$24 -> #DIV/0! | S16: =Q16/$Q$24 -> #DIV/0! | V16: =T16/$T$24 -> #DIV/0! | W16: =U16/$U$24 -> #DIV/0! | Z16: =X16/$X$24 -> #DIV/0! | AA16: =Y16/$Y$24 -> #DIV/0! | AD16: =AB16/$AB$24 -> #DIV/0! | AE16: =AC16/$AC$24 -> #DIV/0! | AH16: =AF16/$AF$24 -> #DIV/0! | AI16: =AG16/$AG$24 -> #DIV/0! | AL16: =AJ16/$AJ$24 -> #DIV/0! | AM16: =AK16/$AK$24 -> #DIV/0! | AP16: =AN16/$AN$24 -> #DIV/0! | AQ16: =AO16/$AO$24 -> #DIV/0! | AT16: =AR16/$AN$24 -> #DIV/0! | AU16: =AS16/$AO$24 -> #DIV/0! | AX16: =AV16/$AN$24 -> #DIV/0! | AY16: =AW16/$AO$24 -> #DIV/0! | BB16: =AZ16/$AN$24 -> #DIV/0! | BC16: =BA16/$AO$24 -> #DIV/0! | BD16: =E16+I16+M16+Q16+Y16+AC16+AG16+AK16+AO16+AS16+AW16+BA16 -> 3504000 | BE16: =AVERAGE(F16,J16,N16,R16,Z16,AD16,AH16,AL16,AP16,AT16,AX16,BB16) -> #DIV/0! | BF16: =AVERAGE(G16,K16,O16,S16,AA16,AE16,AI16,AM16,AQ16,AU16,AY16,BC16) -> #DIV/0!
B17: =B16+1 -> 11 | C17: Produksi Panel | D17: =10+1 -> 11 | E17: =1068000+250000 -> 1318000 | F17: =D17/$D$24 -> 0.61111111 | G17: =E17/$E$24 -> 0.56372968 | H17: =1+7 -> 8 | I17: =950000+687000 -> 1637000 | J17: =H17/$H$24 -> 0.38095238 | K17: =I17/$I$24 -> 0.41792188 | L17: 8 | M17: =3186000+975000 -> 4161000 | N17: =L17/$L$24 -> 0.38095238 | O17: =M17/$M$24 -> 0.35836707 | R17: =P17/$P$24 -> #DIV/0! | S17: =Q17/$Q$24 -> #DIV/0! | V17: =T17/$T$24 -> #DIV/0! | W17: =U17/$U$24 -> #DIV/0! | Z17: =X17/$X$24 -> #DIV/0! | AA17: =Y17/$Y$24 -> #DIV/0! | AD17: =AB17/$AB$24 -> #DIV/0! | AE17: =AC17/$AC$24 -> #DIV/0! | AH17: =AF17/$AF$24 -> #DIV/0! | AI17: =AG17/$AG$24 -> #DIV/0! | AL17: =AJ17/$AJ$24 -> #DIV/0! | AM17: =AK17/$AK$24 -> #DIV/0! | AP17: =AN17/$AN$24 -> #DIV/0! | AQ17: =AO17/$AO$24 -> #DIV/0! | AT17: =AR17/$AN$24 -> #DIV/0! | AU17: =AS17/$AO$24 -> #DIV/0! | AX17: =AV17/$AN$24 -> #DIV/0! | AY17: =AW17/$AO$24 -> #DIV/0! | BB17: =AZ17/$AN$24 -> #DIV/0! | BC17: =BA17/$AO$24 -> #DIV/0! | BD17: =E17+I17+M17+Q17+Y17+AC17+AG17+AK17+AO17+AS17+AW17+BA17 -> 7116000 | BE17: =AVERAGE(F17,J17,N17,R17,Z17,AD17,AH17,AL17,AP17,AT17,AX17,BB17) -> #DIV/0! | BF17: =AVERAGE(G17,K17,O17,S17,AA17,AE17,AI17,AM17,AQ17,AU17,AY17,BC17) -> #DIV/0!
B18: =B17+1 -> 12 | C18: Maintenance | D18: 2 | E18: 336000 | F18: =D18/$D$24 -> 0.11111111 | G18: =E18/$E$24 -> 0.14371257 | H18: =1+1 -> 2 | I18: =150000+105000 -> 255000 | J18: =H18/$H$24 -> 0.095238095 | K18: =I18/$I$24 -> 0.065100842 | L18: 2 | M18: =975000+405000 -> 1380000 | N18: =L18/$L$24 -> 0.095238095 | O18: =M18/$M$24 -> 0.11885281 | R18: =P18/$P$24 -> #DIV/0! | S18: =Q18/$Q$24 -> #DIV/0! | V18: =T18/$T$24 -> #DIV/0! | W18: =U18/$U$24 -> #DIV/0! | Z18: =X18/$X$24 -> #DIV/0! | AA18: =Y18/$Y$24 -> #DIV/0! | AD18: =AB18/$AB$24 -> #DIV/0! | AE18: =AC18/$AC$24 -> #DIV/0! | AH18: =AF18/$AF$24 -> #DIV/0! | AI18: =AG18/$AG$24 -> #DIV/0! | AL18: =AJ18/$AJ$24 -> #DIV/0! | AM18: =AK18/$AK$24 -> #DIV/0! | AP18: =AN18/$AN$24 -> #DIV/0! | AQ18: =AO18/$AO$24 -> #DIV/0! | AT18: =AR18/$AN$24 -> #DIV/0! | AU18: =AS18/$AO$24 -> #DIV/0! | AX18: =AV18/$AN$24 -> #DIV/0! | AY18: =AW18/$AO$24 -> #DIV/0! | BB18: =AZ18/$AN$24 -> #DIV/0! | BC18: =BA18/$AO$24 -> #DIV/0! | BD18: =E18+I18+M18+Q18+Y18+AC18+AG18+AK18+AO18+AS18+AW18+BA18 -> 1971000 | BE18: =AVERAGE(F18,J18,N18,R18,Z18,AD18,AH18,AL18,AP18,AT18,AX18,BB18) -> #DIV/0! | BF18: =AVERAGE(G18,K18,O18,S18,AA18,AE18,AI18,AM18,AQ18,AU18,AY18,BC18) -> #DIV/0!
B19: =B18+1 -> 13 | C19: Warehouse & Delivery | F19: =D19/$D$24 -> 0 | G19: =E19/$E$24 -> 0 | J19: =H19/$H$24 -> 0 | K19: =I19/$I$24 -> 0 | N19: =L19/$L$24 -> 0 | O19: =M19/$M$24 -> 0 | R19: =P19/$P$24 -> #DIV/0! | S19: =Q19/$Q$24 -> #DIV/0! | V19: =T19/$T$24 -> #DIV/0! | W19: =U19/$U$24 -> #DIV/0! | Z19: =X19/$X$24 -> #DIV/0! | AA19: =Y19/$Y$24 -> #DIV/0! | AD19: =AB19/$AB$24 -> #DIV/0! | AE19: =AC19/$AC$24 -> #DIV/0! | AH19: =AF19/$AF$24 -> #DIV/0! | AI19: =AG19/$AG$24 -> #DIV/0! | AL19: =AJ19/$AJ$24 -> #DIV/0! | AM19: =AK19/$AK$24 -> #DIV/0! | AP19: =AN19/$AN$24 -> #DIV/0! | AQ19: =AO19/$AO$24 -> #DIV/0! | AT19: =AR19/$AN$24 -> #DIV/0! | AU19: =AS19/$AO$24 -> #DIV/0! | AX19: =AV19/$AN$24 -> #DIV/0! | AY19: =AW19/$AO$24 -> #DIV/0! | BB19: =AZ19/$AN$24 -> #DIV/0! | BC19: =BA19/$AO$24 -> #DIV/0! | BD19: =E19+I19+M19+Q19+Y19+AC19+AG19+AK19+AO19+AS19+AW19+BA19 -> 0 | BE19: =AVERAGE(F19,J19,N19,R19,Z19,AD19,AH19,AL19,AP19,AT19,AX19,BB19) -> #DIV/0! | BF19: =AVERAGE(G19,K19,O19,S19,AA19,AE19,AI19,AM19,AQ19,AU19,AY19,BC19) -> #DIV/0!
B20: =B19+1 -> 14 | C20: Elektronika | F20: =D20/$D$24 -> 0 | G20: =E20/$E$24 -> 0 | J20: =H20/$H$24 -> 0 | K20: =I20/$I$24 -> 0 | N20: =L20/$L$24 -> 0 | O20: =M20/$M$24 -> 0 | R20: =P20/$P$24 -> #DIV/0! | S20: =Q20/$Q$24 -> #DIV/0! | V20: =T20/$T$24 -> #DIV/0! | W20: =U20/$U$24 -> #DIV/0! | Z20: =X20/$X$24 -> #DIV/0! | AA20: =Y20/$Y$24 -> #DIV/0! | AD20: =AB20/$AB$24 -> #DIV/0! | AE20: =AC20/$AC$24 -> #DIV/0! | AH20: =AF20/$AF$24 -> #DIV/0! | AI20: =AG20/$AG$24 -> #DIV/0! | AL20: =AJ20/$AJ$24 -> #DIV/0! | AM20: =AK20/$AK$24 -> #DIV/0! | AP20: =AN20/$AN$24 -> #DIV/0! | AQ20: =AO20/$AO$24 -> #DIV/0! | AT20: =AR20/$AN$24 -> #DIV/0! | AU20: =AS20/$AO$24 -> #DIV/0! | AX20: =AV20/$AN$24 -> #DIV/0! | AY20: =AW20/$AO$24 -> #DIV/0! | BB20: =AZ20/$AN$24 -> #DIV/0! | BC20: =BA20/$AO$24 -> #DIV/0! | BD20: =E20+I20+M20+Q20+Y20+AC20+AG20+AK20+AO20+AS20+AW20+BA20 -> 0 | BE20: =AVERAGE(F20,J20,N20,R20,Z20,AD20,AH20,AL20,AP20,AT20,AX20,BB20) -> #DIV/0! | BF20: =AVERAGE(G20,K20,O20,S20,AA20,AE20,AI20,AM20,AQ20,AU20,AY20,BC20) -> #DIV/0!
B21: =B20+1 -> 15 | C21: Engineering | F21: =D21/$D$24 -> 0 | G21: =E21/$E$24 -> 0 | J21: =H21/$H$24 -> 0 | K21: =I21/$I$24 -> 0 | N21: =L21/$L$24 -> 0 | O21: =M21/$M$24 -> 0 | R21: =P21/$P$24 -> #DIV/0! | S21: =Q21/$Q$24 -> #DIV/0! | V21: =T21/$T$24 -> #DIV/0! | W21: =U21/$U$24 -> #DIV/0! | Z21: =X21/$X$24 -> #DIV/0! | AA21: =Y21/$Y$24 -> #DIV/0! | AD21: =AB21/$AB$24 -> #DIV/0! | AE21: =AC21/$AC$24 -> #DIV/0! | AH21: =AF21/$AF$24 -> #DIV/0! | AI21: =AG21/$AG$24 -> #DIV/0! | AL21: =AJ21/$AJ$24 -> #DIV/0! | AM21: =AK21/$AK$24 -> #DIV/0! | AP21: =AN21/$AN$24 -> #DIV/0! | AQ21: =AO21/$AO$24 -> #DIV/0! | AT21: =AR21/$AN$24 -> #DIV/0! | AU21: =AS21/$AO$24 -> #DIV/0! | AX21: =AV21/$AN$24 -> #DIV/0! | AY21: =AW21/$AO$24 -> #DIV/0! | BB21: =AZ21/$AN$24 -> #DIV/0! | BC21: =BA21/$AO$24 -> #DIV/0! | BD21: =E21+I21+M21+Q21+Y21+AC21+AG21+AK21+AO21+AS21+AW21+BA21 -> 0 | BE21: =AVERAGE(F21,J21,N21,R21,Z21,AD21,AH21,AL21,AP21,AT21,AX21,BB21) -> #DIV/0! | BF21: =AVERAGE(G21,K21,O21,S21,AA21,AE21,AI21,AM21,AQ21,AU21,AY21,BC21) -> #DIV/0!
B22: =B21+1 -> 16 | C22: IT | F22: =D22/$D$24 -> 0 | G22: =E22/$E$24 -> 0 | J22: =H22/$H$24 -> 0 | K22: =I22/$I$24 -> 0 | N22: =L22/$L$24 -> 0 | O22: =M22/$M$24 -> 0 | R22: =P22/$P$24 -> #DIV/0! | S22: =Q22/$Q$24 -> #DIV/0! | V22: =T22/$T$24 -> #DIV/0! | W22: =U22/$U$24 -> #DIV/0! | Z22: =X22/$X$24 -> #DIV/0! | AA22: =Y22/$Y$24 -> #DIV/0! | AD22: =AB22/$AB$24 -> #DIV/0! | AE22: =AC22/$AC$24 -> #DIV/0! | AH22: =AF22/$AF$24 -> #DIV/0! | AI22: =AG22/$AG$24 -> #DIV/0! | AL22: =AJ22/$AJ$24 -> #DIV/0! | AM22: =AK22/$AK$24 -> #DIV/0! | AP22: =AN22/$AN$24 -> #DIV/0! | AQ22: =AO22/$AO$24 -> #DIV/0! | AT22: =AR22/$AN$24 -> #DIV/0! | AU22: =AS22/$AO$24 -> #DIV/0! | AX22: =AV22/$AN$24 -> #DIV/0! | AY22: =AW22/$AO$24 -> #DIV/0! | BB22: =AZ22/$AN$24 -> #DIV/0! | BC22: =BA22/$AO$24 -> #DIV/0! | BD22: =E22+I22+M22+Q22+Y22+AC22+AG22+AK22+AO22+AS22+AW22+BA22 -> 0 | BE22: =AVERAGE(F22,J22,N22,R22,Z22,AD22,AH22,AL22,AP22,AT22,AX22,BB22) -> #DIV/0! | BF22: =AVERAGE(G22,K22,O22,S22,AA22,AE22,AI22,AM22,AQ22,AU22,AY22,BC22) -> #DIV/0!
C24: Total | D24: =SUM(D7:D23) -> 18 | E24: =SUM(E7:E23) -> 2338000 | F24: =SUM(F7:F23) -> 1 | G24: =SUM(G7:G23) -> 1 | H24: =SUM(H7:H23) -> 21 | I24: =SUM(I7:I23) -> 3917000 | J24: =SUM(J7:J23) -> 1 | K24: =SUM(K7:K23) -> 1 | ... AQ24: =SUM(AQ7:AQ23) -> #DIV/0! | AR24: =SUM(AR7:AR22) -> 0 | AS24: =SUM(AS7:AS23) -> 0 | AT24: =SUM(AT7:AT23) -> #DIV/0! | AU24: =SUM(AU7:AU23) -> #DIV/0! | AV24: =SUM(AV7:AV22) -> 0 | AW24: =SUM(AW7:AW23) -> 0 | AX24: =SUM(AX7:AX23) -> #DIV/0! | AY24: =SUM(AY7:AY23) -> #DIV/0! | AZ24: =SUM(AZ7:AZ22) -> 0 | BA24: =SUM(BA7:BA23) -> 0 | BB24: =SUM(BB7:BB23) -> #DIV/0! | BC24: =SUM(BC7:BC23) -> #DIV/0! | BD24: =SUM(BD7:BD23) -> 17866000 | BE24: =SUM(BE7:BE23) -> #DIV/0! | BF24: =SUM(BF7:BF23) -> #DIV/0!

Sheet 2026- Harian NES
B1: PT. NOBI PUTRA ANGKASA
B2: REKAPITULASI PEMBAYARAN BIAYA PEMAGANGAN
B3: TAHUN 2026
B5: No. | C5: Uraian | D5: Januari | H5: Februari | L5: Maret | P5: April | T5: Mei | X5: Juni | AB5: Juli | AF5: Agustus | AJ5: September | AN5: Oktober | AR5: November | AV5: Desember
D6: Jml Kary. | E6: Nilai | F6: % JK | G6: % GJ | H6: Jml Kary. | I6: Nilai | J6: % JK | K6: % GJ | L6: Jml Kary. | M6: Nilai | N6: % JK | O6: % GJ | P6: Jml Kary. | Q6: Nilai | R6: % JK | S6: % GJ | T6: Jml Kary. | U6: Nilai | V6: % JK | W6: % GJ | X6: Jml Kary. | Y6: Nilai | Z6: % JK | AA6: % GJ | AB6: Jml Kary. | AC6: Nilai | AD6: % JK | AE6: % GJ | AF6: Jml Kary. | AG6: Nilai | AH6: % JK | AI6: % GJ | AJ6: Jml Kary. | AK6: Nilai | AL6: % JK | AM6: % GJ | AN6: Jml Kary. | AO6: Nilai | AP6: % JK | AQ6: % GJ | AR6: Jml Kary. | AS6: Nilai | AT6: % JK | AU6: % GJ | AV6: Jml Kary. | AW6: Nilai | AX6: % JK | AY6: % GJ
B7: 1 | C7: None | D7: 0 | E7: 0 | F7: =D7/$D$24 -> #DIV/0! | G7: =E7/$E$24 -> #DIV/0! | H7: 0 | I7: 0 | J7: =H7/$H$24 -> #DIV/0! | K7: =I7/$I$24 -> #DIV/0! | L7: 0 | M7: 0 | N7: =L7/$L$24 -> #DIV/0! | O7: =M7/$M$24 -> #DIV/0! | P7: 0 | Q7: 0 | R7: =P7/$P$24 -> #DIV/0! | S7: =Q7/$Q$24 -> #DIV/0! | T7: 0 | U7: 0 | V7: =T7/$T$24 -> #DIV/0! | W7: =U7/$U$24 -> #DIV/0! | X7: 0 | Y7: 0 | Z7: =X7/$X$24 -> #DIV/0! | AA7: =Y7/$Y$24 -> #DIV/0! | AB7: 0 | AC7: 0 | AD7: =AB7/$AB$24 -> #DIV/0! | AE7: =AC7/$AC$24 -> #DIV/0! | AF7: 0 | AG7: 0 | AH7: =AF7/$AF$24 -> #DIV/0! | AI7: =AG7/$AG$24 -> #DIV/0! | AJ7: 0 | AK7: 0 | AL7: =AJ7/$AJ$24 -> #DIV/0! | AM7: =AK7/$AK$24 -> #DIV/0! | AN7: 0 | AO7: 0 | AP7: =AN7/$AN$24 -> #DIV/0! | AQ7: =AO7/$AO$24 -> #DIV/0! | AR7: 0 | AS7: 0 | AT7: =AR7/$AR$24 -> #DIV/0! | AU7: =AS7/$AS$24 -> #DIV/0! | AV7: 0 | AW7: 0 | AX7: =AV7/$AF$24 -> #DIV/0! | AY7: =AW7/$AG$24 -> #DIV/0!
B8: =B7+1 -> 2 | C8: Keuangan & Akunting | D8: 0 | E8: 0 | F8: =D8/$D$24 -> #DIV/0! | G8: =E8/$E$24 -> #DIV/0! | H8: 0 | I8: 0 | J8: =H8/$H$24 -> #DIV/0! | K8: =I8/$I$24 -> #DIV/0! | L8: 0 | M8: 0 | N8: =L8/$L$24 -> #DIV/0! | O8: =M8/$M$24 -> #DIV/0! | P8: 0 | Q8: 0 | R8: =P8/$P$24 -> #DIV/0! | S8: =Q8/$Q$24 -> #DIV/0! | T8: 0 | U8: 0 | V8: =T8/$T$24 -> #DIV/0! | W8: =U8/$U$24 -> #DIV/0! | X8: 0 | Y8: 0 | Z8: =X8/$X$24 -> #DIV/0! | AA8: =Y8/$Y$24 -> #DIV/0! | AB8: 0 | AC8: 0 | AD8: =AB8/$AB$24 -> #DIV/0! | AE8: =AC8/$AC$24 -> #DIV/0! | AF8: 0 | AG8: 0 | AH8: =AF8/$AF$24 -> #DIV/0! | AI8: =AG8/$AG$24 -> #DIV/0! | AJ8: 0 | AK8: 0 | AL8: =AJ8/$AJ$24 -> #DIV/0! | AM8: =AK8/$AK$24 -> #DIV/0! | AN8: 0 | AO8: 0 | AP8: =AN8/$AN$24 -> #DIV/0! | AQ8: =AO8/$AO$24 -> #DIV/0! | AR8: 0 | AS8: 0 | AT8: =AR8/$AR$24 -> #DIV/0! | AU8: =AS8/$AS$24 -> #DIV/0! | AV8: 0 | AW8: 0 | AX8: =AV8/$AF$24 -> #DIV/0! | AY8: =AW8/$AG$24 -> #DIV/0!
B9: =B8+1 -> 3 | C9: Marketing | D9: 0 | E9: 0 | F9: =D9/$D$24 -> #DIV/0! | G9: =E9/$E$24 -> #DIV/0! | H9: 0 | I9: 0 | J9: =H9/$H$24 -> #DIV/0! | K9: =I9/$I$24 -> #DIV/0! | L9: 0 | M9: 0 | N9: =L9/$L$24 -> #DIV/0! | O9: =M9/$M$24 -> #DIV/0! | P9: 0 | Q9: 0 | R9: =P9/$P$24 -> #DIV/0! | S9: =Q9/$Q$24 -> #DIV/0! | T9: 0 | U9: 0 | V9: =T9/$T$24 -> #DIV/0! | W9: =U9/$U$24 -> #DIV/0! | X9: 0 | Y9: 0 | Z9: =X9/$X$24 -> #DIV/0! | AA9: =Y9/$Y$24 -> #DIV/0! | AB9: 0 | AC9: 0 | AD9: =AB9/$AB$24 -> #DIV/0! | AE9: =AC9/$AC$24 -> #DIV/0! | AF9: 0 | AG9: 0 | AH9: =AF9/$AF$24 -> #DIV/0! | AI9: =AG9/$AG$24 -> #DIV/0! | AJ9: 0 | AK9: 0 | AL9: =AJ9/$AJ$24 -> #DIV/0! | AM9: =AK9/$AK$24 -> #DIV/0! | AN9: 0 | AO9: 0 | AP9: =AN9/$AN$24 -> #DIV/0! | AQ9: =AO9/$AO$24 -> #DIV/0! | AR9: 0 | AS9: 0 | AT9: =AR9/$AR$24 -> #DIV/0! | AU9: =AS9/$AS$24 -> #DIV/0! | AV9: 0 | AW9: 0 | AX9: =AV9/$AF$24 -> #DIV/0! | AY9: =AW9/$AG$24 -> #DIV/0!
B10: =B9+1 -> 4 | C10: Elektrikal | D10: 0 | E10: 0 | F10: =D10/$D$24 -> #DIV/0! | G10: =E10/$E$24 -> #DIV/0! | J10: =H10/$H$24 -> #DIV/0! | K10: =I10/$I$24 -> #DIV/0! | N10: =L10/$L$24 -> #DIV/0! | O10: =M10/$M$24 -> #DIV/0! | R10: =P10/$P$24 -> #DIV/0! | S10: =Q10/$Q$24 -> #DIV/0! | V10: =T10/$T$24 -> #DIV/0! | W10: =U10/$U$24 -> #DIV/0! | Z10: =X10/$X$24 -> #DIV/0! | AA10: =Y10/$Y$24 -> #DIV/0! | AD10: =AB10/$AB$24 -> #DIV/0! | AE10: =AC10/$AC$24 -> #DIV/0! | AH10: =AF10/$AF$24 -> #DIV/0! | AI10: =AG10/$AG$24 -> #DIV/0! | AL10: =AJ10/$AJ$24 -> #DIV/0! | AM10: =AK10/$AK$24 -> #DIV/0! | AP10: =AN10/$AN$24 -> #DIV/0! | AQ10: =AO10/$AO$24 -> #DIV/0! | AT10: =AR10/$AR$24 -> #DIV/0! | AU10: =AS10/$AS$24 -> #DIV/0! | AX10: =AV10/$AF$24 -> #DIV/0! | AY10: =AW10/$AG$24 -> #DIV/0!
B11: =B10+1 -> 5 | C11: Purchasing & EIM | D11: 0 | E11: 0 | F11: =D11/$D$24 -> #DIV/0! | G11: =E11/$E$24 -> #DIV/0! | H11: 0 | I11: 0 | J11: =H11/$H$24 -> #DIV/0! | K11: =I11/$I$24 -> #DIV/0! | L11: 0 | M11: 0 | N11: =L11/$L$24 -> #DIV/0! | O11: =M11/$M$24 -> #DIV/0! | P11: 0 | Q11: 0 | R11: =P11/$P$24 -> #DIV/0! | S11: =Q11/$Q$24 -> #DIV/0! | T11: 0 | U11: 0 | V11: =T11/$T$24 -> #DIV/0! | W11: =U11/$U$24 -> #DIV/0! | X11: 0 | Y11: 0 | Z11: =X11/$X$24 -> #DIV/0! | AA11: =Y11/$Y$24 -> #DIV/0! | AB11: 0 | AC11: 0 | AD11: =AB11/$AB$24 -> #DIV/0! | AE11: =AC11/$AC$24 -> #DIV/0! | AF11: 0 | AG11: 0 | AH11: =AF11/$AF$24 -> #DIV/0! | AI11: =AG11/$AG$24 -> #DIV/0! | AJ11: 0 | AK11: 0 | AL11: =AJ11/$AJ$24 -> #DIV/0! | AM11: =AK11/$AK$24 -> #DIV/0! | AN11: 0 | AO11: 0 | AP11: =AN11/$AN$24 -> #DIV/0! | AQ11: =AO11/$AO$24 -> #DIV/0! | AR11: 0 | AS11: 0 | AT11: =AR11/$AR$24 -> #DIV/0! | AU11: =AS11/$AS$24 -> #DIV/0! | AV11: 0 | AW11: 0 | AX11: =AV11/$AF$24 -> #DIV/0! | AY11: =AW11/$AG$24 -> #DIV/0!
B12: =B11+1 -> 6 | C12: HRD,GA & Legal (OB) | D12: 0 | E12: 0 | F12: =D12/$D$24 -> #DIV/0! | G12: =E12/$E$24 -> #DIV/0! | H12: 0 | I12: 0 | J12: =H12/$H$24 -> #DIV/0! | K12: =I12/$I$24 -> #DIV/0! | L12: 0 | M12: 0 | N12: =L12/$L$24 -> #DIV/0! | O12: =M12/$M$24 -> #DIV/0! | P12: 0 | Q12: 0 | R12: =P12/$P$24 -> #DIV/0! | S12: =Q12/$Q$24 -> #DIV/0! | T12: 0 | U12: 0 | V12: =T12/$T$24 -> #DIV/0! | W12: =U12/$U$24 -> #DIV/0! | X12: 0 | Y12: 0 | Z12: =X12/$X$24 -> #DIV/0! | AA12: =Y12/$Y$24 -> #DIV/0! | AB12: 0 | AC12: 0 | AD12: =AB12/$AB$24 -> #DIV/0! | AE12: =AC12/$AC$24 -> #DIV/0! | AF12: 0 | AG12: 0 | AH12: =AF12/$AF$24 -> #DIV/0! | AI12: =AG12/$AG$24 -> #DIV/0! | AJ12: 0 | AK12: 0 | AL12: =AJ12/$AJ$24 -> #DIV/0! | AM12: =AK12/$AK$24 -> #DIV/0! | AN12: 0 | AO12: 0 | AP12: =AN12/$AN$24 -> #DIV/0! | AQ12: =AO12/$AO$24 -> #DIV/0! | AR12: 0 | AS12: 0 | AT12: =AR12/$AR$24 -> #DIV/0! | AU12: =AS12/$AS$24 -> #DIV/0! | AV12: 0 | AW12: 0 | AX12: =AV12/$AF$24 -> #DIV/0! | AY12: =AW12/$AG$24 -> #DIV/0!
B13: =B12+1 -> 7 | C13: HRD,GA & Legal (SECURITY) | F13: =D13/$D$24 -> #DIV/0! | G13: =E13/$E$24 -> #DIV/0! | H13: 0 | I13: 0 | J13: =H13/$H$24 -> #DIV/0! | K13: =I13/$I$24 -> #DIV/0! | L13: 0 | M13: 0 | N13: =L13/$L$24 -> #DIV/0! | O13: =M13/$M$24 -> #DIV/0! | P13: 0 | Q13: 0 | R13: =P13/$P$24 -> #DIV/0! | S13: =Q13/$Q$24 -> #DIV/0! | T13: 0 | U13: 0 | V13: =T13/$T$24 -> #DIV/0! | W13: =U13/$U$24 -> #DIV/0! | X13: 0 | Y13: 0 | Z13: =X13/$X$24 -> #DIV/0! | AA13: =Y13/$Y$24 -> #DIV/0! | AB13: 0 | AC13: 0 | AD13: =AB13/$AB$24 -> #DIV/0! | AE13: =AC13/$AC$24 -> #DIV/0! | AF13: 0 | AG13: 0 | AH13: =AF13/$AF$24 -> #DIV/0! | AI13: =AG13/$AG$24 -> #DIV/0! | AJ13: 0 | AK13: 0 | AL13: =AJ13/$AJ$24 -> #DIV/0! | AM13: =AK13/$AK$24 -> #DIV/0! | AN13: 0 | AO13: 0 | AP13: =AN13/$AN$24 -> #DIV/0! | AQ13: =AO13/$AO$24 -> #DIV/0! | AR13: 0 | AS13: 0 | AT13: =AR13/$AR$24 -> #DIV/0! | AU13: =AS13/$AS$24 -> #DIV/0! | AV13: 0 | AW13: 0 | AX13: =AV13/$AF$24 -> #DIV/0! | AY13: =AW13/$AG$24 -> #DIV/0!
B14: =B13+1 -> 8 | C14: MR, QC & HSE | D14: 0 | E14: 0 | F14: =D14/$D$24 -> #DIV/0! | G14: =E14/$E$24 -> #DIV/0! | H14: 0 | I14: 0 | J14: =H14/$H$24 -> #DIV/0! | K14: =I14/$I$24 -> #DIV/0! | L14: 0 | M14: 0 | N14: =L14/$L$24 -> #DIV/0! | O14: =M14/$M$24 -> #DIV/0! | P14: 0 | Q14: 0 | R14: =P14/$P$24 -> #DIV/0! | S14: =Q14/$Q$24 -> #DIV/0! | T14: 0 | U14: 0 | V14: =T14/$T$24 -> #DIV/0! | W14: =U14/$U$24 -> #DIV/0! | X14: 0 | Y14: 0 | Z14: =X14/$X$24 -> #DIV/0! | AA14: =Y14/$Y$24 -> #DIV/0! | AB14: 0 | AC14: 0 | AD14: =AB14/$AB$24 -> #DIV/0! | AE14: =AC14/$AC$24 -> #DIV/0! | AF14: 0 | AG14: 0 | AH14: =AF14/$AF$24 -> #DIV/0! | AI14: =AG14/$AG$24 -> #DIV/0! | AJ14: 0 | AK14: 0 | AL14: =AJ14/$AJ$24 -> #DIV/0! | AM14: =AK14/$AK$24 -> #DIV/0! | AN14: 0 | AO14: 0 | AP14: =AN14/$AN$24 -> #DIV/0! | AQ14: =AO14/$AO$24 -> #DIV/0! | AR14: 0 | AS14: 0 | AT14: =AR14/$AR$24 -> #DIV/0! | AU14: =AS14/$AS$24 -> #DIV/0! | AV14: 0 | AW14: 0 | AX14: =AV14/$AF$24 -> #DIV/0! | AY14: =AW14/$AG$24 -> #DIV/0!
B15: =B14+1 -> 9 | C15: PPIC | D15: 0 | E15: 0 | F15: =D15/$D$24 -> #DIV/0! | G15: =E15/$E$24 -> #DIV/0! | H15: 0 | I15: 0 | J15: =H15/$H$24 -> #DIV/0! | K15: =I15/$I$24 -> #DIV/0! | L15: 0 | M15: 0 | N15: =L15/$L$24 -> #DIV/0! | O15: =M15/$M$24 -> #DIV/0! | P15: 0 | Q15: 0 | R15: =P15/$P$24 -> #DIV/0! | S15: =Q15/$Q$24 -> #DIV/0! | T15: 0 | U15: 0 | V15: =T15/$T$24 -> #DIV/0! | W15: =U15/$U$24 -> #DIV/0! | X15: 0 | Y15: 0 | Z15: =X15/$X$24 -> #DIV/0! | AA15: =Y15/$Y$24 -> #DIV/0! | AB15: 0 | AC15: 0 | AD15: =AB15/$AB$24 -> #DIV/0! | AE15: =AC15/$AC$24 -> #DIV/0! | AF15: 0 | AG15: 0 | AH15: =AF15/$AF$24 -> #DIV/0! | AI15: =AG15/$AG$24 -> #DIV/0! | AJ15: 0 | AK15: 0 | AL15: =AJ15/$AJ$24 -> #DIV/0! | AM15: =AK15/$AK$24 -> #DIV/0! | AN15: 0 | AO15: 0 | AP15: =AN15/$AN$24 -> #DIV/0! | AQ15: =AO15/$AO$24 -> #DIV/0! | AR15: 0 | AS15: 0 | AT15: =AR15/$AR$24 -> #DIV/0! | AU15: =AS15/$AS$24 -> #DIV/0! | AV15: 0 | AW15: 0 | AX15: =AV15/$AF$24 -> #DIV/0! | AY15: =AW15/$AG$24 -> #DIV/0!
B16: =B15+1 -> 10 | C16: Produksi Cable Tray & Pole | D16: 0 | E16: 0 | F16: =D16/$D$24 -> #DIV/0! | G16: =E16/$E$24 -> #DIV/0! | H16: 0 | I16: 0 | J16: =H16/$H$24 -> #DIV/0! | K16: =I16/$I$24 -> #DIV/0! | L16: 0 | M16: 0 | N16: =L16/$L$24 -> #DIV/0! | O16: =M16/$M$24 -> #DIV/0! | P16: 0 | Q16: 0 | R16: =P16/$P$24 -> #DIV/0! | S16: =Q16/$Q$24 -> #DIV/0! | T16: 0 | U16: 0 | V16: =T16/$T$24 -> #DIV/0! | W16: =U16/$U$24 -> #DIV/0! | X16: 0 | Y16: 0 | Z16: =X16/$X$24 -> #DIV/0! | AA16: =Y16/$Y$24 -> #DIV/0! | AB16: 0 | AC16: 0 | AD16: =AB16/$AB$24 -> #DIV/0! | AE16: =AC16/$AC$24 -> #DIV/0! | AF16: 0 | AG16: 0 | AH16: =AF16/$AF$24 -> #DIV/0! | AI16: =AG16/$AG$24 -> #DIV/0! | AJ16: 0 | AK16: 0 | AL16: =AJ16/$AJ$24 -> #DIV/0! | AM16: =AK16/$AK$24 -> #DIV/0! | AN16: 0 | AO16: 0 | AP16: =AN16/$AN$24 -> #DIV/0! | AQ16: =AO16/$AO$24 -> #DIV/0! | AR16: 0 | AS16: 0 | AT16: =AR16/$AR$24 -> #DIV/0! | AU16: =AS16/$AS$24 -> #DIV/0! | AV16: 0 | AW16: 0 | AX16: =AV16/$AF$24 -> #DIV/0! | AY16: =AW16/$AG$24 -> #DIV/0!
B17: =B16+1 -> 11 | C17: Produksi Empty Panel | D17: 0 | E17: 0 | F17: =D17/$D$24 -> #DIV/0! | G17: =E17/$E$24 -> #DIV/0! | H17: 0 | I17: 0 | J17: =H17/$H$24 -> #DIV/0! | K17: =I17/$I$24 -> #DIV/0! | L17: 0 | M17: 0 | N17: =L17/$L$24 -> #DIV/0! | O17: =M17/$M$24 -> #DIV/0! | P17: 0 | Q17: 0 | R17: =P17/$P$24 -> #DIV/0! | S17: =Q17/$Q$24 -> #DIV/0! | T17: 0 | U17: 0 | V17: =T17/$T$24 -> #DIV/0! | W17: =U17/$U$24 -> #DIV/0! | X17: 0 | Y17: 0 | Z17: =X17/$X$24 -> #DIV/0! | AA17: =Y17/$Y$24 -> #DIV/0! | AB17: 0 | AC17: 0 | AD17: =AB17/$AB$24 -> #DIV/0! | AE17: =AC17/$AC$24 -> #DIV/0! | AF17: 0 | AG17: 0 | AH17: =AF17/$AF$24 -> #DIV/0! | AI17: =AG17/$AG$24 -> #DIV/0! | AJ17: 0 | AK17: 0 | AL17: =AJ17/$AJ$24 -> #DIV/0! | AM17: =AK17/$AK$24 -> #DIV/0! | AN17: 0 | AO17: 0 | AP17: =AN17/$AN$24 -> #DIV/0! | AQ17: =AO17/$AO$24 -> #DIV/0! | AR17: 0 | AS17: 0 | AT17: =AR17/$AR$24 -> #DIV/0! | AU17: =AS17/$AS$24 -> #DIV/0! | AV17: 0 | AW17: 0 | AX17: =AV17/$AF$24 -> #DIV/0! | AY17: =AW17/$AG$24 -> #DIV/0!
B18: =B17+1 -> 12 | C18: Maintenance & HSE | D18: 0 | E18: 0 | F18: =D18/$D$24 -> #DIV/0! | G18: =E18/$E$24 -> #DIV/0! | H18: 0 | I18: 0 | J18: =H18/$H$24 -> #DIV/0! | K18: =I18/$I$24 -> #DIV/0! | L18: 0 | M18: 0 | N18: =L18/$L$24 -> #DIV/0! | O18: =M18/$M$24 -> #DIV/0! | P18: 0 | Q18: 0 | R18: =P18/$P$24 -> #DIV/0! | S18: =Q18/$Q$24 -> #DIV/0! | T18: 0 | U18: 0 | V18: =T18/$T$24 -> #DIV/0! | W18: =U18/$U$24 -> #DIV/0! | X18: 0 | Y18: 0 | Z18: =X18/$X$24 -> #DIV/0! | AA18: =Y18/$Y$24 -> #DIV/0! | AB18: 0 | AC18: 0 | AD18: =AB18/$AB$24 -> #DIV/0! | AE18: =AC18/$AC$24 -> #DIV/0! | AF18: 0 | AG18: 0 | AH18: =AF18/$AF$24 -> #DIV/0! | AI18: =AG18/$AG$24 -> #DIV/0! | AJ18: 0 | AK18: 0 | AL18: =AJ18/$AJ$24 -> #DIV/0! | AM18: =AK18/$AK$24 -> #DIV/0! | AN18: 0 | AO18: 0 | AP18: =AN18/$AN$24 -> #DIV/0! | AQ18: =AO18/$AO$24 -> #DIV/0! | AR18: 0 | AS18: 0 | AT18: =AR18/$AR$24 -> #DIV/0! | AU18: =AS18/$AS$24 -> #DIV/0! | AV18: 0 | AW18: 0 | AX18: =AV18/$AF$24 -> #DIV/0! | AY18: =AW18/$AG$24 -> #DIV/0!
B19: =B18+1 -> 13 | C19: Warehouse & Delivery | D19: 0 | F19: =D19/$D$24 -> #DIV/0! | G19: =E19/$E$24 -> #DIV/0! | H19: 0 | I19: 0 | J19: =H19/$H$24 -> #DIV/0! | K19: =I19/$I$24 -> #DIV/0! | L19: 0 | M19: 0 | N19: =L19/$L$24 -> #DIV/0! | O19: =M19/$M$24 -> #DIV/0! | P19: 0 | Q19: 0 | R19: =P19/$P$24 -> #DIV/0! | S19: =Q19/$Q$24 -> #DIV/0! | T19: 0 | U19: 0 | V19: =T19/$T$24 -> #DIV/0! | W19: =U19/$U$24 -> #DIV/0! | X19: 0 | Y19: 0 | Z19: =X19/$X$24 -> #DIV/0! | AA19: =Y19/$Y$24 -> #DIV/0! | AB19: 0 | AC19: 0 | AD19: =AB19/$AB$24 -> #DIV/0! | AE19: =AC19/$AC$24 -> #DIV/0! | AF19: 0 | AG19: 0 | AH19: =AF19/$AF$24 -> #DIV/0! | AI19: =AG19/$AG$24 -> #DIV/0! | AJ19: 0 | AK19: 0 | AL19: =AJ19/$AJ$24 -> #DIV/0! | AM19: =AK19/$AK$24 -> #DIV/0! | AN19: 0 | AO19: 0 | AP19: =AN19/$AN$24 -> #DIV/0! | AQ19: =AO19/$AO$24 -> #DIV/0! | AR19: 0 | AS19: 0 | AT19: =AR19/$AR$24 -> #DIV/0! | AU19: =AS19/$AS$24 -> #DIV/0! | AV19: 0 | AW19: 0 | AX19: =AV19/$AF$24 -> #DIV/0! | AY19: =AW19/$AG$24 -> #DIV/0!
B20: =B19+1 -> 14 | C20: Elektronika | D20: 0 | F20: =D20/$D$24 -> #DIV/0! | G20: =E20/$E$24 -> #DIV/0! | H20: 0 | I20: 0 | J20: =H20/$H$24 -> #DIV/0! | K20: =I20/$I$24 -> #DIV/0! | L20: 0 | M20: 0 | N20: =L20/$L$24 -> #DIV/0! | O20: =M20/$M$24 -> #DIV/0! | P20: 0 | Q20: 0 | R20: =P20/$P$24 -> #DIV/0! | S20: =Q20/$Q$24 -> #DIV/0! | T20: 0 | U20: 0 | V20: =T20/$T$24 -> #DIV/0! | W20: =U20/$U$24 -> #DIV/0! | X20: 0 | Y20: 0 | Z20: =X20/$X$24 -> #DIV/0! | AA20: =Y20/$Y$24 -> #DIV/0! | AB20: 0 | AC20: 0 | AD20: =AB20/$AB$24 -> #DIV/0! | AE20: =AC20/$AC$24 -> #DIV/0! | AF20: 0 | AG20: 0 | AH20: =AF20/$AF$24 -> #DIV/0! | AI20: =AG20/$AG$24 -> #DIV/0! | AJ20: 0 | AK20: 0 | AL20: =AJ20/$AJ$24 -> #DIV/0! | AM20: =AK20/$AK$24 -> #DIV/0! | AN20: 0 | AO20: 0 | AP20: =AN20/$AN$24 -> #DIV/0! | AQ20: =AO20/$AO$24 -> #DIV/0! | AR20: 0 | AS20: 0 | AT20: =AR20/$AR$24 -> #DIV/0! | AU20: =AS20/$AS$24 -> #DIV/0! | AV20: 0 | AW20: 0 | AX20: =AV20/$AF$24 -> #DIV/0! | AY20: =AW20/$AG$24 -> #DIV/0!
B21: =B20+1 -> 15 | C21: Engineering | D21: 0 | F21: =D21/$D$24 -> #DIV/0! | G21: =E21/$E$24 -> #DIV/0! | H21: 0 | I21: 0 | J21: =H21/$H$24 -> #DIV/0! | K21: =I21/$I$24 -> #DIV/0! | L21: 0 | M21: 0 | N21: =L21/$L$24 -> #DIV/0! | O21: =M21/$M$24 -> #DIV/0! | P21: 0 | Q21: 0 | R21: =P21/$P$24 -> #DIV/0! | S21: =Q21/$Q$24 -> #DIV/0! | T21: 0 | U21: 0 | V21: =T21/$T$24 -> #DIV/0! | W21: =U21/$U$24 -> #DIV/0! | X21: 0 | Y21: 0 | Z21: =X21/$X$24 -> #DIV/0! | AA21: =Y21/$Y$24 -> #DIV/0! | AB21: 0 | AC21: 0 | AD21: =AB21/$AB$24 -> #DIV/0! | AE21: =AC21/$AC$24 -> #DIV/0! | AF21: 0 | AG21: 0 | AH21: =AF21/$AF$24 -> #DIV/0! | AI21: =AG21/$AG$24 -> #DIV/0! | AJ21: 0 | AK21: 0 | AL21: =AJ21/$AJ$24 -> #DIV/0! | AM21: =AK21/$AK$24 -> #DIV/0! | AN21: 0 | AO21: 0 | AP21: =AN21/$AN$24 -> #DIV/0! | AQ21: =AO21/$AO$24 -> #DIV/0! | AR21: 0 | AS21: 0 | AT21: =AR21/$AR$24 -> #DIV/0! | AU21: =AS21/$AS$24 -> #DIV/0! | AV21: 0 | AW21: 0 | AX21: =AV21/$AF$24 -> #DIV/0! | AY21: =AW21/$AG$24 -> #DIV/0!
B22: =B21+1 -> 16 | C22: IT | D22: 0 | E22: 0 | F22: =D22/$D$24 -> #DIV/0! | G22: =E22/$E$24 -> #DIV/0! | H22: 0 | I22: 0 | J22: =H22/$H$24 -> #DIV/0! | K22: =I22/$I$24 -> #DIV/0! | L22: 0 | M22: 0 | N22: =L22/$L$24 -> #DIV/0! | O22: =M22/$M$24 -> #DIV/0! | P22: 0 | Q22: 0 | R22: =P22/$P$24 -> #DIV/0! | S22: =Q22/$Q$24 -> #DIV/0! | T22: 0 | U22: 0 | V22: =T22/$T$24 -> #DIV/0! | W22: =U22/$U$24 -> #DIV/0! | X22: 0 | Y22: 0 | Z22: =X22/$X$24 -> #DIV/0! | AA22: =Y22/$Y$24 -> #DIV/0! | AB22: 0 | AC22: 0 | AD22: =AB22/$AB$24 -> #DIV/0! | AE22: =AC22/$AC$24 -> #DIV/0! | AF22: 0 | AG22: 0 | AH22: =AF22/$AF$24 -> #DIV/0! | AI22: =AG22/$AG$24 -> #DIV/0! | AJ22: 0 | AK22: 0 | AL22: =AJ22/$AJ$24 -> #DIV/0! | AM22: =AK22/$AK$24 -> #DIV/0! | AN22: 0 | AO22: 0 | AP22: =AN22/$AN$24 -> #DIV/0! | AQ22: =AO22/$AO$24 -> #DIV/0! | AR22: 0 | AS22: 0 | AT22: =AR22/$AR$24 -> #DIV/0! | AU22: =AS22/$AS$24 -> #DIV/0! | AV22: 0 | AW22: 0 | AX22: =AV22/$AF$24 -> #DIV/0! | AY22: =AW22/$AG$24 -> #DIV/0!
C24: Total | D24: =SUM(D7:D22) -> 0 | E24: =SUM(E7:E22) -> 0 | F24: =SUM(F7:F22) -> #DIV/0! | G24: =SUM(G7:G22) -> #DIV/0! | H24: =SUM(H7:H22) -> 0 | I24: =SUM(I7:I22) -> 0 | J24: =SUM(J7:J22) -> #DIV/0! | K24: =SUM(K7:K22) -> #DIV/0! | ... AM24: =SUM(AM7:AM22) -> #DIV/0! | AN24: =SUM(AN7:AN21) -> 0 | AO24: =SUM(AO7:AO22) -> 0 | AP24: =SUM(AP7:AP22) -> #DIV/0! | AQ24: =SUM(AQ7:AQ22) -> #DIV/0! | AR24: =SUM(AR7:AR21) -> 0 | AS24: =SUM(AS7:AS22) -> 0 | AT24: =SUM(AT7:AT22) -> #DIV/0! | AU24: =SUM(AU7:AU22) -> #DIV/0! | AV24: =SUM(AV7:AV21) -> 0 | AW24: =SUM(AW7:AW22) -> 0 | AX24: =SUM(AX7:AX22) -> #DIV/0! | AY24: =SUM(AY7:AY22) -> #DIV/0!

Sheet 2026-Harian NPA
B1: PT. NOBI PUTRA ANGKASA
B2: REKAPITULASI PEMBAYARAN BIAYA Harian
B3: TAHUN 2026
B5: No. | C5: Uraian | D5: Januari | H5: Februari | L5: Maret | P5: April | T5: Mei | X5: Juni | AB5: Juli | AF5: Agustus | AJ5: September | AN5: Oktober | AR5: November | AV5: Desember
D6: Jml Kary. | E6: Nilai | F6: % JK | G6: % GJ | H6: Jml Kary. | I6: Nilai | J6: % JK | K6: % GJ | L6: Jml Kary. | M6: Nilai | N6: % JK | O6: % GJ | P6: Jml Kary. | Q6: Nilai | R6: % JK | S6: % GJ | T6: Jml Kary. | U6: Nilai | V6: % JK | W6: % GJ | X6: Jml Kary. | Y6: Nilai | Z6: % JK | AA6: % GJ | AB6: Jml Kary. | AC6: Nilai | AD6: % JK | AE6: % GJ | AF6: Jml Kary. | AG6: Nilai | AH6: % JK | AI6: % GJ | AJ6: Jml Kary. | AK6: Nilai | AL6: % JK | AM6: % GJ | AN6: Jml Kary. | AO6: Nilai | AP6: % JK | AQ6: % GJ | AR6: Jml Kary. | AS6: Nilai | AT6: % JK | AU6: % GJ | AV6: Jml Kary. | AW6: Nilai | AX6: % JK | AY6: % GJ
B7: 1 | C7: None | D7: 0 | E7: 0 | F7: =D7/$D$24 -> 0 | G7: =E7/$E$24 -> 0 | H7: 0 | I7: 0 | J7: =H7/$H$24 -> 0 | K7: =I7/$I$24 -> 0 | L7: 0 | M7: 0 | N7: =L7/$L$24 -> 0 | O7: =M7/$M$24 -> 0 | P7: 0 | Q7: 0 | R7: =P7/$P$24 -> #DIV/0! | S7: =Q7/$Q$24 -> #DIV/0! | T7: 0 | U7: 0 | V7: =T7/$T$24 -> #DIV/0! | W7: =U7/$U$24 -> #DIV/0! | X7: 0 | Y7: 0 | Z7: =X7/$X$24 -> #DIV/0! | AA7: =Y7/$Y$24 -> #DIV/0! | AB7: 0 | AC7: 0 | AD7: =AB7/$AB$24 -> #DIV/0! | AE7: =AC7/$AC$24 -> #DIV/0! | AG7: 0 | AH7: =AF7/$AF$24 -> #DIV/0! | AI7: =AG7/$AG$24 -> #DIV/0! | AJ7: 0 | AK7: 0 | AL7: =AJ7/$AJ$24 -> #DIV/0! | AM7: =AK7/$AK$24 -> #DIV/0! | AN7: 0 | AO7: 0 | AP7: =AN7/$AN$24 -> #DIV/0! | AQ7: =AO7/$AO$24 -> #DIV/0! | AR7: 0 | AS7: 0 | AT7: =AR7/$AR$24 -> #DIV/0! | AU7: =AS7/$AS$24 -> #DIV/0! | AV7: 0 | AW7: 0 | AX7: =AV7/$AF$24 -> #DIV/0! | AY7: =AW7/$AG$24 -> #DIV/0!
